学年,対象の漢字,問題,答え
小４,愛,親のアイジョウを注ぐ,愛情
小４,愛,アイケンと散歩する,愛犬
小４,愛,自然をアイする,愛
小４,案,アンナイ状が届く,案内
小４,案,メイアンが浮かぶ,名案
小４,案,新しいアンを出す,案
小４,以,百イジョウの数,以上
小４,以,イゼンからの友人,以前
小４,以,予想イガイな結果,以外
小４,衣,イフクをたたむ,衣服
小４,衣,舞台のイショウ,衣装
小４,衣,イショクジュウを整える,衣食住
小４,位,第一イになる,位
小４,位,ジュンイを発表する,順位
小４,位,イチを確認する,位置
小４,囲,まわりをカコむ,囲
小４,囲,イゴの対局を見る,囲碁
小４,囲,テストのハンイ,範囲
小４,胃,イの検査を受ける,胃
小４,胃,イチョウの調子が悪い,胃腸
小４,胃,イブクロを満たす,胃袋
小４,印,インカンを押す,印鑑
小４,印,メジルシをつける,目印
小４,印,プリントをインサツする,印刷
小４,英,エイゴを話す,英語
小４,英,エイコクへ旅立つ,英国
小４,英,エイカイワを習う,英会話
小４,栄,ハエある賞をもらう,栄
小４,栄,エイヨウのバランス,栄養
小４,栄,エイコウをつかむ,栄光
小４,塩,シオあじのスープ,塩味
小４,塩,ショクエン水を作る,食塩
小４,塩,エンブンを控える,塩分
小４,億,一オク円の宝くじ,億
小４,億,オクマン長者になる,億万
小４,億,人口が一オク人を超える,億
小４,加,熱をクワえる,加
小４,加,大会にサンカする,参加
小４,加,食品をカコウする,加工
小４,果,カジツを収穫する,果実
小４,果,ケッカを待つ,結果
小４,果,薬のコウカが出る,効果
小４,貨,コウカを貯金箱に入れる,硬貨
小４,貨,カモツ列車が通る,貨物
小４,貨,日本のツウカ,通貨
小４,課,カダイを提出する,課題
小４,課,ホウカ後に遊ぶ,放課
小４,課,ニッカの運動をする,日課
小４,芽,種からメが出る,芽
小４,芽,植物がハツガする,発芽
小４,芽,春の新メ,新芽
小４,改,ルールをアラタめる,改
小４,改,自転車をカイゾウする,改造
小４,改,品種をカイリョウする,改良
小４,械,キカイを動かす,機械
小４,械,キカイ体操の練習,器械
小４,械,キカイ的な作業,機械
小４,害,ガイチュウを駆除する,害虫
小４,害,コウガイ問題,公害
小４,害,ユウガイな物質,有害
小４,街,ガイロジュが並ぶ,街路
小４,街,マチカドで出会う,街角
小４,街,ショウテンガイを歩く,商店街
小４,各,カクチに伝わる,各地
小４,各,カクジで用意する,各自
小４,各,カクシュの手続き,各種
小４,覚,カンカクを研ぎ澄ます,感覚
小４,覚,漢字をオボえる,覚
小４,覚,ミカクを楽しむ,味覚
小４,完,絵がカンセイする,完成
小４,完,カンゼンな勝利,完全
小４,完,ミカンの大器,未完
小４,官,ケイカンに道を聞く,警官
小４,官,カンチョウの建物,官庁
小４,官,呼吸キカン,器官
小４,管,データをカンリする,管理
小４,管,スイカンを通る,水管
小４,管,ケッカンが浮き出る,血管
小４,関,カンケイを築く,関係
小４,関,カンシンを持つ,関心
小４,関,昔のセキショ,関所
小４,観,カンコウ地を巡る,観光
小４,観,植物のカンサツ,観察
小４,観,カンキャクが湧く,観客
小４,願,ネガい事をする,願
小４,願,ガンショを提出する,願書
小４,願,平和へのガンボウ,願望
小４,希,キボウを抱く,希望
小４,希,キショウな動物,希少
小４,希,空気がキハクだ,希薄
小４,季,キセツの変わり目,季節
小４,季,シキの変化,四季
小４,季,ウキと乾季,雨季
小４,紀,二十一セイキ,世紀
小４,紀,キゲン前の歴史,紀元
小４,紀,キコウ文を書く,紀行
小４,喜,プレゼントをヨロコぶ,喜
小４,喜,キゲキを見る,喜劇
小４,喜,大ヨロコびする,喜
小４,旗,コクキを掲げる,国旗
小４,旗,ハタじるしを立てる,旗
小４,旗,白ハタを振る,旗
小４,器,ガッキを演奏する,楽器
小４,器,ショッキを洗う,食器
小４,器,キグを使う,器具
小４,機,キカイを逃す,機会
小４,機,キキが迫る,危機
小４,機,ヒコウキに乗る,飛行機
小４,議,カイギを開く,会議
小４,議,国会のギイン,議員
小４,議,フシギな出来事,不思議
小４,求,助けをモトめる,求
小４,求,ヨウキュウに応える,要求
小４,求,キュウジン広告,求人
小４,泣,大声でナく,泣
小４,泣,ゴウキュウする,号泣
小４,泣,ナき声が聞こえる,泣
小４,救,命をスクう,救
小４,救,キュウキュウ車を呼ぶ,救急
小４,救,キュウジョに向かう,救助
小４,給,キュウショクを食べる,給食
小４,給,キュウリョウをもらう,給料
小４,給,水分をホキュウする,補給
小４,挙,センキョに行く,選挙
小４,挙,手をアげる,挙
小４,挙,キョシュで決める,挙手
小４,漁,ギョギョウが盛ん,漁業
小４,漁,リョウシの網,漁師
小４,漁,タイリョウを祝う,大漁
小４,共,キョウツウの趣味,共通
小４,共,キョウカンする,共感
小４,共,トモに行動する,共
小４,協,キョウリョクして働く,協力
小４,協,キョウカイを設立する,協会
小４,協,キョウドウ作業,協同
小４,鏡,カガミを見る,鏡
小４,鏡,ボウエンキョウをのぞく,望遠鏡
小４,鏡,キョウダイの前に座る,鏡台
小４,競,キョウソウに勝つ,競争
小４,競,ケイバ場に行く,競馬
小４,競,技をキソう,競
小４,極,ホッキョクの氷,北極
小４,極,ナンキョク大陸,南極
小４,極,道をキワめる,極
小４,訓,避難クンレン,訓練
小４,訓,漢字のクンヨみ,訓
小４,訓,キョウクンを得る,教訓
小４,軍,グンタイに所属する,軍隊
小４,軍,グンジンの規律,軍人
小４,軍,ショウグンの命令,将軍
小４,郡,グンブに住む,郡部
小４,郡,香川県木田グン,郡
小４,郡,グンチョウの役場,郡長
小４,径,円のチョッケイ,直径
小４,径,ハンケイを測る,半径
小４,径,森のショウケイ,小径
小４,型,オオガタのテレビ,大型
小４,型,コガタの車,小型
小４,型,カタグを抜く,型
小４,景,フウケイ画を描く,風景
小４,景,ケシキが良い,景色
小４,景,山のヤケイ,夜景
小４,芸,ゲイジュツ作品,芸術
小４,芸,エンゲイを楽しむ,園芸
小４,芸,シュゲイが得意だ,手芸
小４,欠,学校をケッセキする,欠席
小４,欠,ケッテンを直す,欠点
小４,欠,コップがカける,欠
小４,結,テストのケッカ,結果
小４,結,くつひもをムスぶ,結
小４,結,ケツロンを急ぐ,結論
小４,建,タテモノが並ぶ,建物
小４,建,ビルをケンセツする,建設
小４,建,ケンチク家になる,建築
小４,健,ケンコウに気をつける,健康
小４,健,ホケン室に行く,保健
小４,健,スコやかに育つ,健
小４,験,理科のジッケン,実験
小４,験,シケンを受ける,試験
小４,験,貴重なタイケン,体験
小４,固,カタい決意,固
小４,固,コテイ資産,固定
小４,固,コタイと液体,固体
小４,功,大セイコウを収める,成功
小４,功,コウセキをたたえる,功績
小４,功,コウロウ賞をもらう,功労
小４,好,コウブツを食べる,好物
小４,好,スきな果物,好
小４,好,コウツゴウな展開,好都合
小４,候,キコウが穏やかだ,気候
小４,候,テンコウが変わる,天候
小４,候,コウホを選ぶ,候補
小４,航,コウクウ機が飛ぶ,航空
小４,航,コウカイに出る,航海
小４,航,船がシュッコウする,出航
小４,康,ケンコウ第一,健康
小４,康,トクガワ家康,康
小４,康,ケンコウ診断,健康
小４,告,コクチ板を見る,告知
小４,告,ホウコク書をまとめる,報告
小４,告,別れをツげる,告
小４,差,コウサテンを曲がる,交差点
小４,差,サガクを計算する,差額
小４,差,傘をサす,差
小４,菜,ヤサイを育てる,野菜
小４,菜,ハクサイを切る,白菜
小４,菜,ナノハナが咲く,菜
小４,最,サイゴの試合,最後
小４,最,サイショの挨拶,最初
小４,最,モットも大切なこと,最
小４,材,モクザイを運ぶ,木材
小４,材,カレーのザイリョウ,材料
小４,材,ソザイを生かす,素材
小４,昨,サクジツの出来事,昨日
小４,昨,サクネンはありがとう,昨年
小４,昨,サクヤはよく眠れた,昨夜
小４,札,ナフダをつける,名札
小４,札,サツタバを数える,札束
小４,札,カイサツを通る,改札
小４,刷,プリントをインサツする,印刷
小４,刷,制度をサッシンする,刷新
小４,刷,ポスターをスる,刷
小４,殺,サツジン事件,殺人
小４,殺,息をコロす,殺
小４,殺,ヒッサツ技,必殺
小４,察,植物のカンサツ,観察
小４,察,ケイサツを呼ぶ,警察
小４,察,現場のシサツ,視察
小４,参,大会にサンカする,参加
小４,参,サンコウ書を買う,参考
小４,参,お墓にマいります,参
小４,産,サンギョウが発達する,産業
小４,産,米をセイサンする,生産
小４,産,卵をウむ,産
小４,散,公園をサンポする,散歩
小４,散,花がチる,散
小４,散,チームがカイサンする,解散
小４,残,ザンネンな結果,残念
小４,残,ご飯がノコる,残
小４,残,口座のザンダカ,残高
小４,士,昔のブシ,武士
小４,士,強いリキシ,力士
小４,士,ウンテンシの仕事,運転士
小４,氏,シメイを書く,氏名
小４,氏,両シの意見,氏
小４,氏,ウジより育ち,氏
小４,史,レキシを学ぶ,歴史
小４,史,ニホンシの授業,日本史
小４,史,シジョウ最大の作戦,史上
小４,司,番組のシカイ,司会
小４,司,図書館のシショ,司書
小４,司,会社のジョウシ,上司
小４,試,シケン勉強をする,試験
小４,試,野球のシアイ,試合
小４,試,新しい方法をタメす,試
小４,児,ジドウ公園,児童
小４,児,ヨウジ向けの絵本,幼児
小４,児,ショウニカの病院,小児
小４,治,セイジに興味を持つ,政治
小４,治,病気がナオる,治
小４,治,虫歯のチリョウ,治療
小４,辞,ジショを引く,辞書
小４,辞,出場をジタイする,辞退
小４,辞,会社をヤめる,辞
小４,失,シッパイを恐れない,失敗
小４,失,自信をウシナう,失
小４,失,シツレイな態度,失礼
小４,借,シャッキンを返す,借金
小４,借,本をカりる,借
小４,借,シャクヤに住む,借家
小４,種,シュルイを分ける,種類
小４,種,花のタネをまく,種
小４,種,新しいヒンシュ,品種
小４,周,シュウイを見渡す,周囲
小４,周,池のマワり,周
小４,周,グラウンドをイッシュウする,一周
小４,祝,明日はシュクジツだ,祝日
小４,祝,誕生日をイワう,祝
小４,祝,シュクガ会を開く,祝賀
小４,順,ジュンバンを待つ,順番
小４,順,ジュンイが上がる,順位
小４,順,ジュウジュンな態度,従順
小４,初,サイショのページ,最初
小４,初,ハジめての経験,初
小４,初,ショカの風,初夏
小４,松,マツの木を植える,松
小４,松,ショウチクバイの飾り,松竹梅
小４,松,お正月のカドマツ,門松
小４,笑,大声でワラう,笑
小４,笑,テレビを見てバクショウする,爆笑
小４,笑,エガオを見せる,笑顔
小４,唱,全員でガッショウする,合唱
小４,唱,呪文をトナえる,唱
小４,唱,ドクショウを披露する,独唱
小４,焼,ヤき肉を食べる,焼
小４,焼,ヤネを修理する,屋根
小４,焼,ネンショウ実験,燃焼
小４,象,動物園のゾウ,象
小４,象,タイショウを絞る,対象
小４,象,不思議なゲンショウ,現象
小４,照,ショウメイを消す,照明
小４,照,太陽がテラス,照
小４,照,タイショウ的な二人,対照
小４,賞,ショウヒンをもらう,賞品
小４,賞,ショウサンを浴びる,賞賛
小４,賞,ノーベル賞をジュショウする,受賞
小４,臣,総理ダイジン,大臣
小４,臣,王に仕えるカシン,家臣
小４,臣,国務ダイジン,大臣
小４,信,言葉をシンじる,信
小４,信,シンゴウを守る,信号
小４,信,ジシンを持つ,自信
小４,成,計画がセイコウする,成功
小４,成,子供がセイチョウする,成長
小４,成,立派な大人にナる,成
小４,省,自分の行動をハンセイする,反省
小４,省,手間をハブく,省
小４,省,説明をショウリャクする,省略
小４,清,セイケツに保つ,清潔
小４,清,キヨい心,清
小４,清,部屋をセイソウする,清掃
小４,静,セイシした画像,静止
小４,静,シズかな場所,静
小４,静,アンセイにする,安静
小４,席,ザセキに座る,座席
小４,席,授業をケッセキする,欠席
小４,席,セキニンを果たす,責任
小４,積,タイセキを求める,体積
小４,積,雪がツモる,積
小４,積,セッキョク的に参加する,積極
小４,折,セッカクの機会,折角
小４,折,木の枝をオる,折
小４,折,交差点をウセツする,右折
小４,節,キセツが変わる,季節
小４,節,電気をセツヤクする,節約
小４,節,体のフシブシが痛い,節々
小４,説,セツメイを聞く,説明
小４,説,ショウセツを読む,小説
小４,説,教えをトく,説
小４,浅,センカイの魚,浅海
小４,浅,川の底がアサい,浅
小４,浅,センハカな考え,浅薄
小４,戦,センソウが終わる,戦争
小４,戦,敵とタタカう,戦
小４,戦,サクセンを立てる,作戦
小４,選,センキョで投票する,選挙
小４,選,好きな色をエラぶ,選
小４,選,代表センシュ,選手
小４,然,シゼンを大切にする,自然
小４,然,トウゼンの結果,当然
小４,然,テンネンの記念物,天然
小４,争,センソウの悲劇,戦争
小４,争,勝敗をアラソう,争
小４,争,フンソウを解決する,紛争
小４,倉,ソウコにしまう,倉庫
小４,倉,米をクラに収める,倉
小４,倉,コメグラに保管する,米倉
小４,巣,スバコを作る,巣箱
小４,巣,雛がスダちを迎える,巣
小４,巣,トリノスを見つける,鳥の巣
小４,束,ハナタバを贈る,花束
小４,束,ヤクソクを守る,約束
小４,束,髪をタバねる,束
小４,側,ソクメンから見る,側面
小４,側,線のウチガワ,内側
小４,側,ミギガワを通行する,右側
小４,続,レンゾクして勝つ,連続
小４,続,まだ道はツヅく,続
小４,続,問題がゾクシュツする,続出
小４,卒,ソツギョウ式に出る,卒業
小４,卒,ソッチョクな意見,率直
小４,卒,コウソツの資格,高卒
小４,孫,シソンを残す,子孫
小４,孫,マゴと遊ぶ,孫
小４,孫,ヒマゴの顔を見る,ひ孫
小４,帯,ネッタイの植物,熱帯
小４,帯,着物のオビ,帯
小４,帯,オンタイの気候,温帯
小４,隊,グンタイの行進,軍隊
小４,隊,探検隊のタイチョウ,隊長
小４,隊,タイレツを組む,隊列
小４,達,技術がハッタツする,発達
小４,達,トモダチと遊ぶ,友達
小４,達,目標をタッセイする,達成
小４,単,タンジュンな計算,単純
小４,単,長さのタンイ,単位
小４,単,英タンゴを覚える,単語
小４,置,イチを確かめる,位置
小４,置,本を机にオく,置
小４,置,安全ソウチ,装置
小４,仲,ナカマと協力する,仲間
小４,仲,ナカヨしな兄弟,仲良
小４,仲,チュウカイ手数料,仲介
小４,貯,チョキン箱に入れる,貯金
小４,貯,チョスイ池の水,貯水
小４,貯,チョチクを増やす,貯蓄
小４,兆,回復のチョウコウ,兆候
小４,兆,春のキザし,兆
小４,兆,イッチョウ円の予算,兆
小４,腸,イチョウの調子が悪い,胃腸
小４,腸,ダイチョウの検査,大腸
小４,腸,ショウチョウの働き,小腸
小４,低,視力がテイカする,低下
小４,低,背がヒクい,低
小４,低,テイオンやけど,低温
小４,底,カイテイを調査する,海底
小４,底,コップのソコ,底
小４,底,テイヘンの長さ,底辺
小４,停,車がテイシする,停止
小４,停,テイデンで真っ暗になる,停電
小４,停,テイシャ駅を確認する,停車
小４,的,モクテキの場所,目的
小４,的,マトに向かって投げる,的
小４,的,予想がテキチュウする,的中
小４,典,国語ジテンを引く,辞典
小４,典,コテンの授業,古典
小４,典,サイテンに参加する,祭典
小４,伝,デンゴンを頼む,伝言
小４,伝,気持ちをツタえる,伝
小４,伝,昔からのデンセツ,伝説
小４,徒,トホで通う,徒歩
小４,徒,中学校のセイト,生徒
小４,徒,トウトを組む,徒党
小４,努,ドリョクが実る,努力
小４,努,仕事にツトめる,努
小４,努,ツトめて明るくする,努
小４,灯,デントウのスイッチ,電灯
小４,灯,トウダイの明かり,灯台
小４,灯,街のアカリ,灯
小４,堂,ショクドウでご飯を食べる,食堂
小４,堂,コウドウに集まる,講堂
小４,堂,ドウゾウを建てる,銅像
小４,働,ロウドウ時間,労働
小４,働,一生懸命にハタラく,働
小４,働,ハタラき者,働き
小４,特,トクベツな日,特別
小４,特,トクチョウをとらえる,特徴
小４,特,トクテンがつく,特典
小４,得,説明にナットクする,納得
小４,得,許可をエる,得
小４,得,トクテンを競う,得点
小４,毒,ユウドクなガス,有毒
小４,毒,ドクヤクを飲む,毒薬
小４,毒,ドクケしを飲む,毒消
小４,熱,ネッタイの海,熱帯
小４,熱,アツいお茶,熱
小４,熱,スポーツにネッチュウする,熱中
小４,念,ザンネンな結果,残念
小４,念,キネン写真を撮る,記念
小４,念,ネンブツを唱える,念仏
小４,敗,シッパイから学ぶ,失敗
小４,敗,試合にヤブれる,敗
小４,敗,ハイボクを認める,敗北
小４,梅,ウメの花が咲く,梅
小４,梅,バイウの時期,梅雨
小４,梅,バイカを愛でる,梅花
小４,博,ハクブツカンに行く,博物館
小４,博,物知りなハカセ,博士
小４,博,ハクランカイが開かれる,博覧会
小４,飯,ゴハンを食べる,ご飯
小４,飯,セキハンを炊く,赤飯
小４,飯,スイハンキでお米を炊く,炊飯
小４,飛,ヒコウキが離陸する,飛行機
小４,飛,空をトぶ,飛
小４,飛,空をトび回る,飛
小４,費,ヒヨウがかかる,費用
小４,費,エネルギーのショウヒ,消費
小４,費,ガクヒを払う,学費
小４,必,ヒッシに頑張る,必死
小４,必,カナラず勝つ,必
小４,必,ヒツヨウな持ち物,必要
小４,票,トウヒョウ箱に入れる,投票
小４,票,デンピョウを整理する,伝票
小４,票,ヒョウカが高い,評価
小４,標,ヒョウシキを見る,標識
小４,標,モクヒョウを達成する,目標
小４,標,昆虫のヒョウホン,標本
小４,不,フアンな気持ち,不安
小４,不,睡眠がフソクする,不足
小４,不,フベンな生活,不便
小４,夫,フウフで出かける,夫婦
小４,夫,オットの仕事,夫
小４,夫,ジョウブな体,丈夫
小４,付,駅のフキン,付近
小４,付,服にシミがツける,付
小４,付,ウケツケで待つ,受付
小４,府,トドウフケンを覚える,都道府県
小４,府,江戸バクフ,幕府
小４,府,セイフの発表,政府
小４,副,フクシャチョウの挨拶,副社長
小４,副,フクサヨウに注意する,副作用
小４,副,フクジュウを誓う,服従
小４,粉,コムギコをこねる,小麦粉
小４,粉,コナをまぶす,粉
小４,粉,カフンが飛ぶ,花粉
小４,兵,ヘイシが整列する,兵士
小４,兵,ヘイタイの行進,兵隊
小４,兵,ヘイキを捨てる,兵器
小４,別,トクベツなプレゼント,特別
小４,別,友人とワカれる,別
小４,別,ベツベツに帰る,別々
小４,辺,シュウヘンを探す,周辺
小４,辺,このアタりは静かだ,辺
小４,辺,三角形のヘン,辺
小４,変,ヘンカが激しい,変化
小４,変,予定がカわる,変
小４,変,ヘンショクする,変色
小４,便,ユウビン局に行く,郵便
小４,便,ベンリな道具,便利
小４,便,フナビンで送る,船便
小４,包,ホウタイを巻く,包帯
小４,包,ホウチョウで切る,包丁
小４,包,プレゼントをツツむ,包
小４,法,ホウリツを守る,法律
小４,法,ホウホウを考える,方法
小４,法,英語のブンポウ,文法
小４,望,キボウを持つ,希望
小４,望,ボウエンキョウをのぞく,望遠鏡
小４,望,成功をノゾむ,望
小４,牧,ボクジョウの牛,牧場
小４,牧,ボクチクが盛ん,牧畜
小４,牧,羊をホウボクする,放牧
小４,末,シュウマツに出かける,週末
小４,末,スエっ子,末
小４,末,物語のケツマツ,結末
小４,満,テストでマンテンを取る,満点
小４,満,潮がミちる,満
小４,満,マンゾクな結果,満足
小４,未,ミライを夢見る,未来
小４,未,十八歳ミマン,未満
小４,未,ミチの世界,未知
小４,脈,ドウミャクと静脈,動脈
小４,脈,ジョウミャクの血,静脈
小４,脈,サンミャクを超える,山脈
小４,民,コクミンの祝日,国民
小４,民,ミンシュ主義,民主
小４,民,シミンホール,市民
小４,無,ムリなお願い,無理
小４,無,ムダをなくす,無駄
小４,無,何もナい,無
小４,約,ヤクソクの時間を守る,約束
小４,約,ヤク一時間かかる,約
小４,約,水をセツヤクする,節約
小４,勇,ユウキを出す,勇気
小４,勇,伝説のユウシャ,勇者
小４,勇,イサましい姿,勇
小４,要,ヒツヨウなものを買う,必要
小４,要,ジュウヨウな会議,重要
小４,要,扇のカナメ,要
小４,養,エイヨウをとる,栄養
小４,養,家族をヤシナう,養
小４,養,ヨウゴ学校,養護
小４,浴,カイスイヨクに行く,海水浴
小４,浴,ニッコウヨクをする,日光浴
小４,浴,シャワーをアびる,浴
小４,利,ベンリな機能,便利
小４,利,図書館をリヨウする,利用
小４,利,銀行のリシ,利子
小４,陸,タイリクの気候,大陸
小４,陸,リクジョウ競技,陸上
小４,陸,台風がジョウリクする,上陸
小４,良,フリョウ品を省く,不良
小４,良,ヨい行い,良
小４,良,リョウコウな状態,良好
小４,料,リョウリを作る,料理
小４,料,ザイリョウを刻む,材料
小４,料,ムリョウで配る,無料
小４,量,ジュウリョウ制限,重量
小４,量,重さをハカる,量
小４,量,タイリョウの注文,大量
小４,輪,シャリンが回る,車輪
小４,輪,ワになる,輪
小４,輪,ユビワをはめる,指輪
小４,類,シュルイが多い,種類
小４,類,ルイルイまれな才能,類
小４,類,ジンルイの進化,人類
小４,令,メイレイに従う,命令
小４,令,ゴウレイをかける,号令
小４,令,レイワの時代,令和
小４,冷,レイゾウコに入れる,冷蔵庫
小４,冷,ツメたい飲み物,冷
小４,冷,体がヒえる,冷
小４,例,レイガイを認める,例外
小４,例,タトえばの話,例
小４,例,レイダイを解く,例題
小４,歴,レキシを学ぶ,歴史
小４,歴,レキダイの首相,歴代
小４,歴,リュウガクレキがある,留学歴
小４,連,レンキュウが続く,連休
小４,連,山々がツラなる,連
小４,連,レンゾクして起きる,連続
小４,老,ロウジンの知恵,老人
小４,老,年をオいる,老
小４,老,ケイロウの日,敬老
小４,労,ロウドウ条件,労働
小４,労,クロウが報われる,苦労
小４,労,ロウドウ組合,労働
小４,録,キロクを更新する,記録
小４,録,ロクオンする,録音
小４,録,会員トウロクする,登録
小５,圧,アツリョクをかける,圧力
小５,圧,ケツアツを測る,血圧
小５,圧,キアツの変化,気圧
小５,移,別の場所にウツる,移
小５,移,お店がイテンする,移転
小５,移,机をイドウさせる,移動
小５,因,失敗のゲンイン,原因
小５,因,インガ関係を調べる,因果
小５,因,ヨウインを分析する,要因
小５,永,エイエンの愛,永遠
小５,永,エイキュウ保存,永久
小５,永,エイミンする,永眠
小５,営,店をイトナむ,営
小５,営,会社をケイエイする,経営
小５,営,エイギョウ中のお店,営業
小５,衛,エイセイ的な環境,衛生
小５,衛,人工エイセイ,衛星
小５,衛,国をボウエイする,防衛
小５,易,ヤサしい問題,易
小５,易,海外とボウエキする,貿易
小５,易,ヨウイに解決する,容易
小５,益,リエキを計算する,利益
小５,益,ユウエキな情報,有益
小５,益,会社のシュウエキ,収益
小５,液,エキタイを混ぜる,液体
小５,液,ケツエキ型,血液
小５,液,エキショウ画面,液晶
小５,演,エンゲキを見る,演劇
小５,演,コウエン会を開く,講演
小５,演,ピアノのエンソウ,演奏
小５,応,選手をオウエンする,応援
小５,応,化学ハンノウ,反応
小５,応,オウヨウ問題,応用
小５,往,オウフク切符,往復
小５,往,車のオウライ,往来
小５,往,ウオウサオウする,右往左往
小５,桜,サクラの花,桜
小５,桜,ヤザクラを見る,夜桜
小５,桜,サクラ前線,桜
小５,恩,オンガエシをする,恩返し
小５,恩,命のオンジン,恩人
小５,恩,小学校のオンシ,恩師
小５,可,フカケツな要素,不可欠
小５,可,カノウ性を信じる,可能
小５,可,先生のキョカ,許可
小５,仮,カリの姿,仮
小５,仮,カセツを立てる,仮説
小５,仮,カナづかい,仮名
小５,価,商品のカカク,価格
小５,価,作品をヒョウカする,評価
小５,価,ブッカが上がる,物価
小５,河,カワのほとり,河
小５,河,大きなカコウ,河口
小５,河,カセン工事,河川
小５,過,カコを振り返る,過去
小５,過,電車がツウカする,通過
小５,過,アヤマちを認める,過
小５,賀,ネンガ状,年賀
小５,賀,シュクガ会,祝賀
小５,賀,ガショウの挨拶,賀正
小５,快,カイテキな部屋,快適
小５,快,ココロヨく引き受ける,快
小５,快,カイセイの空,快晴
小５,解,問題をトく,解
小５,解,カイケツ策,解決
小５,解,内容をリカイする,理解
小５,格,試験にゴウカクする,合格
小５,格,カクシキ高い,格式
小５,格,ジンカクを疑う,人格
小５,確,安全をタシかめる,確
小５,確,カクニンする,確認
小５,確,セイカクな時計,正確
小５,額,ヒタイに汗をかく,額
小５,額,キンガクを計算する,金額
小５,額,ガクブチに飾る,額縁
小５,刊,ユウカンを読む,夕刊
小５,刊,雑誌をカンコウする,刊行
小５,刊,ゲッカン誌,月刊
小５,幹,木のミキ,幹
小５,幹,シンカンセンに乗る,新幹線
小５,幹,カンブが集まる,幹部
小５,慣,シュウカンになる,習慣
小５,慣,仕事にナれる,慣
小５,慣,カンレイに従う,慣例
小５,眼,ガンカを受診する,眼科
小５,眼,ガンキョウをかける,眼鏡
小５,眼,チャクガン点,着眼
小５,基,キホンを学ぶ,基本
小５,基,秘密のキチ,基地
小５,基,事実に基づく,基
小５,寄,港にヨる,寄
小５,寄,キフをする,寄付
小５,寄,キコウする,寄港
小５,規,キソクを守る,規則
小５,規,大規模なキボ,規模
小５,規,キカク外の野菜,規格
小５,技,ギジュツが進歩する,技術
小５,技,見事なエンギ,演技
小５,技,トクギを披露する,特技
小５,義,セイギの味方,正義
小５,義,イギのある活動,意義
小５,義,ギムを果たす,義務
小５,逆,ギャクテン勝利,逆転
小５,逆,親にサカらう,逆
小５,逆,ギャクサンする,逆算
小５,久,ヒサしぶりに会う,久
小５,久,エイキュウ保存,永久
小５,久,タイキュウ性,耐久
小５,旧,キュウカの造り,旧家
小５,旧,シンキュウ交代,新旧
小５,旧,キュウユウとの再会,旧友
小５,居,部屋にイる,居
小５,居,ジュウキョを構える,住居
小５,居,イバショを見つける,居場所
小５,許,罪をユルす,許
小５,許,キョカをもらう,許可
小５,許,車のメンキョ,免許
小５,境,キョウカイ線を引く,境界
小５,境,国境のサカイ,境
小５,境,カンキョウ問題,環境
小５,均,テストのヘイキン,平均
小５,均,キンイツな価格,均一
小５,均,キントウに分ける,均等
小５,禁,立ち入りキンシ,禁止
小５,禁,火気ゲンキン,厳禁
小５,禁,キンクを言う,禁句
小５,句,ゴクの意味,語句
小５,句,クトウテンを打つ,句読点
小５,句,ハイクを詠む,俳句
小５,群,タイグンで押し寄せる,大群
小５,群,羊のムれ,群
小５,群,グンシュウ心理,群衆
小５,経,時間がケイカする,経過
小５,経,時をヘる,経
小５,経,ケイケンを積む,経験
小５,潔,セイケツな服,清潔
小５,潔,ケッパクを証明する,潔白
小５,潔,ケッペキな性格,潔癖
小５,件,ジケンを解決する,事件
小５,件,ジョウケンに合う,条件
小５,件,ヨウケンを伝える,用件
小５,券,ジョウシャケンを買う,乗車券
小５,券,ワリビキケンを使う,割引券
小５,券,ショッケンを買う,食券
小５,険,キケンな場所,危険
小５,険,生命ホケン,保険
小５,険,ケワしい山道,険
小５,検,身体ケンサ,検査
小５,検,仮説をケンショウする,検証
小５,検,ネットでケンサクする,検索
小５,限,人数をカギる,限
小５,限,体力のゲンカイ,限界
小５,限,時間をセイゲンする,制限
小５,現,ゲンダイの若者,現代
小５,現,正体をアラワす,現
小５,現,ゲンジツを受け入れる,現実
小５,減,人口がゲンショウする,減少
小５,減,体重がヘる,減
小５,減,火のカゲン,加減
小５,故,コジンをしのぶ,故人
小５,故,交通ジコ,事故
小５,故,コキョウに帰る,故郷
小５,個,コジン情報を守る,個人
小５,個,リンゴのコスウ,個数
小５,個,コセイを伸ばす,個性
小５,護,自然をホゴする,保護
小５,護,ゴエイをつける,護衛
小５,護,カンゴの仕事,看護
小５,効,薬のコウカ,効果
小５,効,キき目がある,効
小５,効,コウリョクを発揮する,効力
小５,厚,アツい本,厚
小５,厚,ブアツい雲,分厚
小５,厚,オンコウな人,温厚
小５,耕,畑をタガヤす,耕
小５,耕,コウサク地,耕作
小５,耕,ノウコウ民族,農耕
小５,鉱,コウザンで働く,鉱山
小５,鉱,コウセキを掘る,鉱石
小５,鉱,テッコウ石,鉄鉱
小５,構,チームのコウセイ,構成
小５,構,立派な門ガマえ,構
小５,構,建物のコウゾウ,構造
小５,興,キョウミを持つ,興味
小５,興,町のフッコウ,復興
小５,興,試合にコウフンする,興奮
小５,講,大学のコウギ,講義
小５,講,コウシュウ会,講習
小５,講,コウエンを聞く,講演
小５,混,道がコンザツする,混雑
小５,混,色がマざる,混
小５,混,コンランを招く,混乱
小５,査,アンケートをチョウサする,調査
小５,査,血液ケンサ,検査
小５,査,ササツが入る,査察
小５,再,試合をサイカイする,再開
小５,再,フタタび会う,再
小５,再,サイセイ紙,再生
小５,災,サイガイに備える,災害
小５,災,カサイ報知器,火災
小５,災,ワザワいを防ぐ,災
小５,妻,フサイで出席する,夫妻
小５,妻,ツマと出かける,妻
小５,妻,サイシを養う,妻子
小５,採,昆虫をサイシュウする,採集
小５,採,きのこをトる,採
小５,採,社員をサイヨウする,採用
小５,際,コクサイ交流,国際
小５,際,ジッサイの様子,実際
小５,際,コウサイ相手,交際
小５,在,ゲンザイの時刻,現在
小５,在,フザイ着信,不在
小５,在,ホテルにタイザイする,滞在
小５,財,ザイサンを分ける,財産
小５,財,文化ザイ,財
小５,財,ザイセイ状況,財政
小５,罪,シャザイの言葉,謝罪
小５,罪,ツミを償う,罪
小５,罪,ハンザイを防ぐ,犯罪
小５,雑,ザツオンが入る,雑音
小５,雑,ザツボキ林,雑木
小５,雑,ザッシを読む,雑誌
小５,酸,サンソボンベ,酸素
小５,酸,サンセイの土,酸性
小５,酸,タンサン水,炭酸
小５,賛,意見にサンセイする,賛成
小５,賛,ザンドウを求める,賛同
小５,賛,ショウサンを浴びる,賞賛
小５,支,シチュウを立てる,支柱
小５,支,体をササえる,支
小５,支,シハライを済ませる,支払
小５,志,強いイシ,意志
小５,志,医者をココロザす,志
小５,志,シガン理由,志願
小５,枝,エダハを切り落とす,枝葉
小５,枝,木のエダ,枝
小５,枝,コエダを拾う,小枝
小５,師,キョウシになる,教師
小５,師,ギシの資格,技師
小５,師,イシの診断,医師
小５,資,シリョウを集める,資料
小５,資,救援ブッシ,物資
小５,資,シホン金,資本
小５,飼,動物をシイクする,飼育
小５,飼,犬をカう,飼
小５,飼,シバを与える,飼葉
小５,示,方向をヒョウジする,表示
小５,示,例をシメす,示
小５,示,シジを出す,指示
小５,似,ニた者同士,似
小５,似,ルイジ品に注意,類似
小５,似,ニガオエを描く,似顔絵
小５,識,イシキを失う,意識
小５,識,チシキを増やす,知識
小５,識,ジョウシキを疑う,常識
小５,質,シツモンに答える,質問
小５,質,ブッシツの変化,物質
小５,質,ヒンシツが良い,品質
小５,舎,古いコウシャ,校舎
小５,舎,ギュウシャの掃除,牛舎
小５,舎,キシュクシャに入る,寄宿舎
小５,謝,カンシャの気持ち,感謝
小５,謝,シャイを表す,謝意
小５,謝,ミスをアヤマる,謝
小５,授,ジュギョウが始まる,授業
小５,授,大学のキョウジュ,教授
小５,授,賞をサズける,授
小５,修,自転車をシュウリする,修理
小５,修,学問をオサめる,修
小５,修,シュウセイ液,修正
小５,述,主語とジュツゴ,述語
小５,述,意見をノべる,述
小５,述,キジュツ式の問題,記述
小５,術,ギジュツの授業,技術
小５,術,シュジュツを受ける,手術
小５,術,ビジュツ館,美術館
小５,準,ジュンビ体操,準備
小５,準,生活スイジュン,水準
小５,準,キジュンを満たす,基準
小５,序,ジュンジョよく並ぶ,順序
小５,序,本のジョショウ,序章
小５,序,ジョブンを読む,序文
小５,招,パーティーにショウタイする,招待
小５,招,手でマネく,招
小５,招,ショウシュウがかかる,招集
小５,承,事情をショウチする,承知
小５,承,リョウショウを得る,了承
小５,承,ウケタマワる,承
小５,証,無実をショウメイする,証明
小５,証,品質をホショウする,保証
小５,証,ショウコを見つける,証拠
小５,条,ジョウケンを満たす,条件
小５,条,平和ジョウヤク,条約
小５,条,ジョウブンを読む,条文
小５,状,健康ジョウタイ,状態
小５,状,ショウジョウをもらう,賞状
小５,状,ゲンジョウを維持する,現状
小５,常,ニチジョウ生活,日常
小５,常,ツネに努力する,常
小５,常,ヒジョウ事態,非常
小５,情,カンジョウを表に出す,感情
小５,情,ナサけない結果,情
小５,情,ジョウホウを集める,情報
小５,織,シキモノを広げる,織物
小５,織,ソシキを作る,組織
小５,織,布をオる,織
小５,職,ショクギョウ体験,職業
小５,職,学校のショクイン,職員
小５,職,シュウショク活動,就職
小５,制,学校のセイフク,制服
小５,制,新しいセイド,制度
小５,制,スピードをセイゲンする,制限
小５,性,セイカクが明るい,性格
小５,性,セイベツを問わない,性別
小５,性,ダンセイ用の服,男性
小５,政,セイジのニュース,政治
小５,政,セイフの発表,政府
小５,政,ギセイを払う,犠牲
小５,勢,タイセイの人が集まる,大勢
小５,勢,水のイキオい,勢
小５,勢,シセイを正す,姿勢
小５,精,セイシンを集中する,精神
小５,精,セイドが高い,精度
小５,精,セイミツな機械,精密
小５,製,セイヒンを開発する,製品
小５,製,ニホンセイの時計,日本製
小５,製,車をセイゾウする,製造
小５,税,ゼイキンを納める,税金
小５,税,カンゼイがかかる,関税
小５,税,ゾウゼイに反対する,増税
小５,責,セキニンをとる,責任
小５,責,失敗をセめる,責
小５,責,セキムを果たす,責務
小５,績,セイセキが上がる,成績
小５,績,コウセキをたたえる,功績
小５,績,ジッセキを残す,実績
小５,接,台風がセッキンする,接近
小５,接,ネットにセツゾクする,接続
小５,接,チョクセツ話す,直接
小５,設,セツビを整える,設備
小５,設,ルールをモウける,設
小５,設,ビルをケンセツする,建設
小５,舌,シタを出す,舌
小５,舌,ドクゼツを吐く,毒舌
小５,舌,ベンゼツが立つ,弁舌
小５,絶,ゼッタイに勝つ,絶対
小５,絶,連絡がタえる,絶
小５,絶,ダンゼツする,断絶
小５,銭,キンセンの貸し借り,金銭
小５,銭,サイセン箱,賽銭
小５,銭,コゼニを出す,小銭
小５,祖,センゾを敬う,先祖
小５,祖,ソフボに会う,祖父母
小５,祖,ソコクに帰る,祖国
小５,素,スイソガス,水素
小５,素,ソザイの味,素材
小５,素,スナオな性格,素直
小５,総,ソウゴウ的な学習,総合
小５,総,ソウゼイ百名,総勢
小５,総,ソウリ大臣,総理
小５,造,モクゾウの家,木造
小５,造,船をツクる,造
小５,造,ゾウカを飾る,造花
小５,像,仏ゾウ,像
小５,像,ドウゾウを建てる,銅像
小５,像,未来をソウゾウする,想像
小５,増,体重がゾウカする,増加
小５,増,スピードをマす,増
小５,増,水がフえる,増
小５,則,キソクを守る,規則
小５,則,コウソク違反,校則
小５,則,ハンソク負け,反則
小５,測,星をカンソクする,観測
小５,測,長さをハカる,測
小５,測,体重をソクテイする,測定
小５,属,フゾクの小学校,付属
小５,属,キンゾクの棒,金属
小５,属,クラブにショゾクする,所属
小５,率,カクリツを求める,確率
小５,率,チームをヒキいる,率
小５,率,ノウリツが上がる,能率
小５,損,ソンガイ賠償,損害
小５,損,機嫌をソコねる,損
小５,損,ソンシツが大きい,損失
小５,退,タイガクする,退学
小５,退,一歩シリゾく,退
小５,退,ゴウタイする,後退
小５,貸,タイシャク対照表,貸借
小５,貸,本をカす,貸
小５,貸,カしダし中,貸出
小５,態,タイドを改める,態度
小５,態,ジョウタイを確認する,状態
小５,態,緊急ジタイ,事態
小５,団,センシュダンが入場する,選手団
小５,団,ダンチに住む,団地
小５,団,シュウダン行動,集団
小５,断,ケーブルをセツダンする,切断
小５,断,誘いをコトワる,断
小５,断,ケツダンを下す,決断
小５,築,ケンチク家,建築
小５,築,城をキズく,築
小５,築,シンチクの家,新築
小５,張,海外にシュッチョウする,出張
小５,張,ロープをヒッパる,張
小５,張,キンチョウする,緊張
小５,提,計画をテイアンする,提案
小５,提,ゼンテイ条件,前提
小５,提,宿題をテイシュツする,提出
小５,程,テイド問題,程度
小５,程,コウテイ表を作る,工程
小５,程,ニッテイを組む,日程
小５,適,テキトウな長さに切る,適当
小５,適,テキドな運動,適度
小５,適,カイテキな環境,快適
小５,敵,ムテキの強さ,無敵
小５,敵,テキに塩を送る,敵
小５,敵,強豪にヒッテキする,匹敵
小５,統,ルールをトウイツする,統一
小５,統,デントウ工芸品,伝統
小５,統,トウケイをとる,統計
小５,銅,ドウメダルをとる,銅
小５,銅,ドウゾウを見る,銅像
小５,銅,セイドウの剣,青銅
小５,導,シドウに従う,指導
小５,導,成功にミチビく,導
小５,導,ドウニュウ部分,導入
小５,徳,ドウトクの授業,道徳
小５,徳,トクシマ県,徳島
小５,徳,ビトクとする,美徳
小５,独,ドクリツ記念日,独立
小５,独,ヒトリ言を言う,独
小５,独,ドクトクな味,独特
小５,任,ニンムを完了する,任務
小５,任,仕事をマカせる,任
小５,任,クラスのタンニン,担任
小５,燃,ネンリョウを補給する,燃料
小５,燃,ごみをモやす,燃
小５,燃,火がモえる,燃
小５,能,カノウ性が高い,可能
小５,能,ノウリョクを発揮する,能力
小５,能,サイノウがある,才能
小５,破,車がタイハする,大破
小５,破,紙をヤブる,破
小５,破,ハカイする,破壊
小５,犯,ハンザイをなくす,犯罪
小５,犯,ハンニンを捕まえる,犯人
小５,犯,ハンコウの動機,犯行
小５,判,ハンケツが下る,判決
小５,判,ハンダンに迷う,判断
小５,判,事実がハンメイする,判明
小５,版,本をシュッパンする,出版
小５,版,モクハンガを作る,木版画
小５,版,バンガの展覧会,版画
小５,比,ヒレイのグラフ,比例
小５,比,セクラベをする,比
小５,比,ヒカクして考える,比較
小５,肥,ヒリョウをまく,肥料
小５,肥,目がコえる,肥
小５,肥,ヒマン体型,肥満
小５,非,ヒジョウボタン,非常
小５,非,ヒバン日,非番
小５,非,ヒコウに走る,非行
小５,備,ヨビの電池,予備
小５,備,災害にソナえる,備
小５,備,ジュンビ体操,準備
小５,俵,ドヒョウに上がる,土俵
小５,俵,コメダワラを運ぶ,米俵
小５,俵,イッピョウの米,一俵
小５,評,ヒョウバンが良い,評判
小５,評,コウヒョウを博す,好評
小５,評,ヒョウカが高い,評価
小５,貧,ヒンボウな生活,貧乏
小５,貧,マズしい国,貧
小５,貧,ヒンコンをなくす,貧困
小５,布,法律をコウフする,公布
小５,布,ヌノで拭く,布
小５,布,モウフをかける,毛布
小５,婦,フジンフク売り場,婦人服
小５,婦,フウフで出かける,夫婦
小５,婦,シュフの仕事,主婦
小５,富,ホウフな知識,豊富
小５,富,トみに恵まれる,富
小５,富,フジサンに登る,富士山
小５,武,昔のブシ,武士
小５,武,ムシャぶるい,武者
小５,武,ブキを持つ,武器
小５,復,フクシュウをする,復習
小５,復,体力がカイフクする,回復
小５,復,フッカツ祭,復活
小５,複,フクザツな形,複雑
小５,複,フクゴウ施設,複合
小５,複,フクスウの答え,複数
小５,仏,ネンブツを唱える,念仏
小５,仏,ホトケ様,仏
小５,仏,ダイブツを見る,大仏
小５,編,動画をヘンシュウする,編集
小５,編,セーターをアむ,編
小５,編,タンペン小説,短編
小５,弁,おベントウを食べる,弁当
小５,弁,ハナベンが散る,花弁
小５,弁,ベンカイする,弁解
小５,保,荷物をホカンする,保管
小５,保,バランスをタモつ,保
小５,保,自然ホゴ,保護
小５,墓,ボチに埋葬する,墓地
小５,墓,おハカ参り,墓
小５,墓,ハカマイりに行く,墓参
小５,報,天気ヨホウ,予報
小５,報,ホウドウ番組,報道
小５,報,ホウコク書,報告
小５,豊,ホウサクを祝う,豊作
小５,豊,ユタかな自然,豊
小５,豊,ホウフな話題,豊富
小５,防,事故のボウシ,防止
小５,防,被害をフセぐ,防
小５,防,ボウサイ訓練,防災
小５,貿,ボウエキ港,貿易
小５,貿,ボウエキセンが入港する,貿易船
小５,貿,自由ボウエキ,自由貿易
小５,暴,ボウフウ雨,暴風
小５,暴,馬がアバれる,暴
小５,暴,ボウリョクを振るう,暴力
小５,務,ジムショで働く,事務所
小５,務,主役をツトめる,務
小５,務,ギム教育,義務
小５,夢,遊びにムチュウだ,夢中
小５,夢,ハツユメを見る,初夢
小５,夢,ユメを叶える,夢
小５,迷,メイワクをかける,迷惑
小５,迷,道にマヨう,迷
小５,迷,マヨいが生じる,迷
小５,綿,メンカを栽培する,綿花
小５,綿,モメンのシャツ,木綿
小５,綿,ワタあめ,綿
小５,輸,車をユシュツする,輸出
小５,輸,石油のユニュウ,輸入
小５,輸,ユソウ機,輸送
小５,余,ヨブンな力,余分
小５,余,お菓子がアマる,余
小５,余,ヨユウがある,余裕
小５,預,銀行にヨキンする,預金
小５,預,荷物をアズける,預
小５,預,子供をアズかる,預
小５,容,ヨウキに入れる,容器
小５,容,ナイヨウを理解する,内容
小５,容,ビヨウ院に行く,美容
小５,略,説明をショウリャクする,省略
小５,略,リャクジで書く,略字
小５,略,センリャクを立てる,戦略
小５,留,海外へリュウガクする,留学
小５,留,ルス番をする,留守
小５,留,判断をホリュウする,保留
小５,領,リョウチを広げる,領地
小５,領,ダイトウリョウの演説,大統領
小５,領,リョウド問題,領土
小５,,,
小５,,,
小５,```,,
小５,,,
小５,対象の漢字,問題,答え
小５,圧,アツリョクをかける,圧力
小５,圧,ケツアツを測る,血圧
小５,圧,キアツの変化,気圧
小５,移,別の場所にウツる,移
小５,移,お店がイテンする,移転
小５,移,机をイドウさせる,移動
小５,因,失敗のゲンイン,原因
小５,因,インガ関係を調べる,因果
小５,因,ヨウインを分析する,要因
小５,永,エイエンの愛,永遠
小５,永,エイキュウ保存,永久
小５,永,エイミンする,永眠
小５,営,店をイトナむ,営
小５,営,会社をケイエイする,経営
小５,営,エイギョウ中のお店,営業
小５,衛,エイセイ的な環境,衛生
小５,衛,人工エイセイ,衛星
小５,衛,国をボウエイする,防衛
小５,易,ヤサしい問題,易
小５,易,海外とボウエキする,貿易
小５,易,ヨウイに解決する,容易
小５,益,リエキを計算する,利益
小５,益,ユウエキな情報,有益
小５,益,会社のシュウエキ,収益
小５,液,エキタイを混ぜる,液体
小５,液,ケツエキ型,血液
小５,液,エキショウ画面,液晶
小５,演,エンゲキを見る,演劇
小５,演,コウエン会を開く,講演
小５,演,ピアノのエンソウ,演奏
小５,応,選手をオウエンする,応援
小５,応,化学ハンノウ,反応
小５,応,オウヨウ問題,応用
小５,往,オウフク切符,往復
小５,往,車のオウライ,往来
小５,往,ウオウサオウする,右往左往
小５,桜,サクラの花,桜
小５,桜,ヤザクラを見る,夜桜
小５,桜,サクラ前線,桜
小５,恩,オンガエシをする,恩返し
小５,恩,命のオンジン,恩人
小５,恩,小学校のオンシ,恩師
小５,可,フカケツな要素,不可欠
小５,可,カノウ性を信じる,可能
小５,可,先生のキョカ,許可
小５,仮,カリの姿,仮
小５,仮,カセツを立てる,仮説
小５,仮,カナづかい,仮名
小５,価,商品のカカク,価格
小５,価,作品をヒョウカする,評価
小５,価,ブッカが上がる,物価
小５,河,カワのほとり,河
小５,河,大きなカコウ,河口
小５,河,カセン工事,河川
小５,過,カコを振り返る,過去
小５,過,電車がツウカする,通過
小５,過,アヤマちを認める,過
小５,賀,ネンガ状,年賀
小５,賀,シュクガ会,祝賀
小５,賀,ガショウの挨拶,賀正
小５,快,カイテキな部屋,快適
小５,快,ココロヨく引き受ける,快
小５,快,カイセイの空,快晴
小５,解,問題をトく,解
小５,解,カイケツ策,解決
小５,解,内容をリカイする,理解
小５,格,試験にゴウカクする,合格
小５,格,カクシキ高い,格式
小５,格,ジンカクを疑う,人格
小５,確,安全をタシかめる,確
小５,確,カクニンする,確認
小５,確,セイカクな時計,正確
小５,額,ヒタイに汗をかく,額
小５,額,キンガクを計算する,金額
小５,額,ガクブチに飾る,額縁
小５,刊,ユウカンを読む,夕刊
小５,刊,雑誌をカンコウする,刊行
小５,刊,ゲッカン誌,月刊
小５,幹,木のミキ,幹
小５,幹,シンカンセンに乗る,新幹線
小５,幹,カンブが集まる,幹部
小５,慣,シュウカンになる,習慣
小５,慣,仕事にナれる,慣
小５,慣,カンレイに従う,慣例
小５,眼,ガンカを受診する,眼科
小５,眼,ガンキョウをかける,眼鏡
小５,眼,チャクガン点,着眼
小５,基,キホンを学ぶ,基本
小５,基,秘密のキチ,基地
小５,基,事実に基づく,基
小５,寄,港にヨる,寄
小５,寄,キフをする,寄付
小５,寄,キコウする,寄港
小５,規,キソクを守る,規則
小５,規,大規模なキボ,規模
小５,規,キカク外の野菜,規格
小５,技,ギジュツが進歩する,技術
小５,技,見事なエンギ,演技
小５,技,トクギを披露する,特技
小５,義,セイギの味方,正義
小５,義,イギのある活動,意義
小５,義,ギムを果たす,義務
小５,逆,ギャクテン勝利,逆転
小５,逆,親にサカらう,逆
小５,逆,ギャクサンする,逆算
小５,久,ヒサしぶりに会う,久
小５,久,エイキュウ保存,永久
小５,久,タイキュウ性,耐久
小５,旧,キュウカの造り,旧家
小５,旧,シンキュウ交代,新旧
小５,旧,キュウユウとの再会,旧友
小５,居,部屋にイる,居
小５,居,ジュウキョを構える,住居
小５,居,イバショを見つける,居場所
小５,許,罪をユルす,許
小５,許,キョカをもらう,許可
小５,許,車のメンキョ,免許
小５,境,キョウカイ線を引く,境界
小５,境,国境のサカイ,境
小５,境,カンキョウ問題,環境
小５,均,テストのヘイキン,平均
小５,均,キンイツな価格,均一
小５,均,キントウに分ける,均等
小５,禁,立ち入りキンシ,禁止
小５,禁,火気ゲンキン,厳禁
小５,禁,キンクを言う,禁句
小５,句,ゴクの意味,語句
小５,句,クトウテンを打つ,句読点
小５,句,ハイクを詠む,俳句
小５,群,タイグンで押し寄せる,大群
小５,群,羊のムれ,群
小５,群,グンシュウ心理,群衆
小５,経,時間がケイカする,経過
小５,経,時をヘる,経
小５,経,ケイケンを積む,経験
小５,潔,セイケツな服,清潔
小５,潔,ケッパクを証明する,潔白
小５,潔,ケッペキな性格,潔癖
小５,件,ジケンを解決する,事件
小５,件,ジョウケンに合う,条件
小５,件,ヨウケンを伝える,用件
小５,券,ジョウシャケンを買う,乗車券
小５,券,ワリビキケンを使う,割引券
小５,券,ショッケンを買う,食券
小５,険,キケンな場所,危険
小５,険,生命ホケン,保険
小５,険,ケワしい山道,険
小５,検,身体ケンサ,検査
小５,検,仮説をケンショウする,検証
小５,検,ネットでケンサクする,検索
小５,限,人数をカギる,限
小５,限,体力のゲンカイ,限界
小５,限,時間をセイゲンする,制限
小５,現,ゲンダイの若者,現代
小５,現,正体をアラワす,現
小５,現,ゲンジツを受け入れる,現実
小５,減,人口がゲンショウする,減少
小５,減,体重がヘる,減
小５,減,火のカゲン,加減
小５,故,コジンをしのぶ,故人
小５,故,交通ジコ,事故
小５,故,コキョウに帰る,故郷
小５,個,コジン情報を守る,個人
小５,個,リンゴのコスウ,個数
小５,個,コセイを伸ばす,個性
小５,護,自然をホゴする,保護
小５,護,ゴエイをつける,護衛
小５,護,カンゴの仕事,看護
小５,効,薬のコウカ,効果
小５,効,キき目がある,効
小５,効,コウリョクを発揮する,効力
小５,厚,アツい本,厚
小５,厚,ブアツい雲,分厚
小５,厚,オンコウな人,温厚
小５,耕,畑をタガヤす,耕
小５,耕,コウサク地,耕作
小５,耕,ノウコウ民族,農耕
小５,鉱,コウザンで働く,鉱山
小５,鉱,コウセキを掘る,鉱石
小５,鉱,テッコウ石,鉄鉱
小５,構,チームのコウセイ,構成
小５,構,立派な門ガマえ,構
小５,構,建物のコウゾウ,構造
小５,興,キョウミを持つ,興味
小５,興,町のフッコウ,復興
小５,興,試合にコウフンする,興奮
小５,講,大学のコウギ,講義
小５,講,コウシュウ会,講習
小５,講,コウエンを聞く,講演
小５,混,道がコンザツする,混雑
小５,混,色がマざる,混
小５,混,コンランを招く,混乱
小５,査,アンケートをチョウサする,調査
小５,査,血液ケンサ,検査
小５,査,ササツが入る,査察
小５,再,試合をサイカイする,再開
小５,再,フタタび会う,再
小５,再,サイセイ紙,再生
小５,災,サイガイに備える,災害
小５,災,カサイ報知器,火災
小５,災,ワザワいを防ぐ,災
小５,妻,フサイで出席する,夫妻
小５,妻,ツマと出かける,妻
小５,妻,サイシを養う,妻子
小５,採,昆虫をサイシュウする,採集
小５,採,きのこをトる,採
小５,採,社員をサイヨウする,採用
小５,際,コクサイ交流,国際
小５,際,ジッサイの様子,実際
小５,際,コウサイ相手,交際
小５,在,ゲンザイの時刻,現在
小５,在,フザイ着信,不在
小５,在,ホテルにタイザイする,滞在
小５,財,ザイサンを分ける,財産
小５,財,文化ザイ,財
小５,財,ザイセイ状況,財政
小５,罪,シャザイの言葉,謝罪
小５,罪,ツミを償う,罪
小５,罪,ハンザイを防ぐ,犯罪
小５,雑,ザツオンが入る,雑音
小５,雑,ザツボキ林,雑木
小５,雑,ザッシを読む,雑誌
小５,酸,サンソボンベ,酸素
小５,酸,サンセイの土,酸性
小５,酸,タンサン水,炭酸
小５,賛,意見にサンセイする,賛成
小５,賛,ザンドウを求める,賛同
小５,賛,ショウサンを浴びる,賞賛
小５,支,シチュウを立てる,支柱
小５,支,体をササえる,支
小５,支,シハライを済ませる,支払
小５,志,強いイシ,意志
小５,志,医者をココロザす,志
小５,志,シガン理由,志願
小５,枝,エダハを切り落とす,枝葉
小５,枝,木のエダ,枝
小５,枝,コエダを拾う,小枝
小５,師,キョウシになる,教師
小５,師,ギシの資格,技師
小５,師,イシの診断,医師
小５,資,シリョウを集める,資料
小５,資,救援ブッシ,物資
小５,資,シホン金,資本
小５,飼,動物をシイクする,飼育
小５,飼,犬をカう,飼
小５,飼,シバを与える,飼葉
小５,示,方向をヒョウジする,表示
小５,示,例をシメす,示
小５,示,シジを出す,指示
小５,似,ニた者同士,似
小５,似,ルイジ品に注意,類似
小５,似,ニガオエを描く,似顔絵
小５,識,イシキを失う,意識
小５,識,チシキを増やす,知識
小５,識,ジョウシキを疑う,常識
小５,質,シツモンに答える,質問
小５,質,ブッシツの変化,物質
小５,質,ヒンシツが良い,品質
小５,舎,古いコウシャ,校舎
小５,舎,ギュウシャの掃除,牛舎
小５,舎,キシュクシャに入る,寄宿舎
小５,謝,カンシャの気持ち,感謝
小５,謝,シャイを表す,謝意
小５,謝,ミスをアヤマる,謝
小５,授,ジュギョウが始まる,授業
小５,授,大学のキョウジュ,教授
小５,授,賞をサズける,授
小５,修,自転車をシュウリする,修理
小５,修,学問をオサめる,修
小５,修,シュウセイ液,修正
小５,述,主語とジュツゴ,述語
小５,述,意見をノべる,述
小５,述,キジュツ式の問題,記述
小５,術,ギジュツの授業,技術
小５,術,シュジュツを受ける,手術
小５,術,ビジュツ館,美術館
小５,準,ジュンビ体操,準備
小５,準,生活スイジュン,水準
小５,準,キジュンを満たす,基準
小５,序,ジュンジョよく並ぶ,順序
小５,序,本のジョショウ,序章
小５,序,ジョブンを読む,序文
小５,招,パーティーにショウタイする,招待
小５,招,手でマネく,招
小５,招,ショウシュウがかかる,招集
小５,承,事情をショウチする,承知
小５,承,リョウショウを得る,了承
小５,承,ウケタマワる,承
小５,証,無実をショウメイする,証明
小５,証,品質をホショウする,保証
小５,証,ショウコを見つける,証拠
小５,条,ジョウケンを満たす,条件
小５,条,平和ジョウヤク,条約
小５,条,ジョウブンを読む,条文
小５,状,健康ジョウタイ,状態
小５,状,ショウジョウをもらう,賞状
小５,状,ゲンジョウを維持する,現状
小５,常,ニチジョウ生活,日常
小５,常,ツネに努力する,常
小５,常,ヒジョウ事態,非常
小５,情,カンジョウを表に出す,感情
小５,情,ナサけない結果,情
小５,情,ジョウホウを集める,情報
小５,織,シキモノを広げる,織物
小５,織,ソシキを作る,組織
小５,織,布をオる,織
小５,職,ショクギョウ体験,職業
小５,職,学校のショクイン,職員
小５,職,シュウショク活動,就職
小５,制,学校のセイフク,制服
小５,制,新しいセイド,制度
小５,制,スピードをセイゲンする,制限
小５,性,セイカクが明るい,性格
小５,性,セイベツを問わない,性別
小５,性,ダンセイ用の服,男性
小５,政,セイジのニュース,政治
小５,政,セイフの発表,政府
小５,政,ギセイを払う,犠牲
小５,勢,タイセイの人が集まる,大勢
小５,勢,水のイキオい,勢
小５,勢,シセイを正す,姿勢
小５,精,セイシンを集中する,精神
小５,精,セイドが高い,精度
小５,精,セイミツな機械,精密
小５,製,セイヒンを開発する,製品
小５,製,ニホンセイの時計,日本製
小５,製,車をセイゾウする,製造
小５,税,ゼイキンを納める,税金
小５,税,カンゼイがかかる,関税
小５,税,ゾウゼイに反対する,増税
小５,責,セキニンをとる,責任
小５,責,失敗をセめる,責
小５,責,セキムを果たす,責務
小５,績,セイセキが上がる,成績
小５,績,コウセキをたたえる,功績
小５,績,ジッセキを残す,実績
小５,接,台風がセッキンする,接近
小５,接,ネットにセツゾクする,接続
小５,接,チョクセツ話す,直接
小５,設,セツビを整える,設備
小５,設,ルールをモウける,設
小５,設,ビルをケンセツする,建設
小５,舌,シタを出す,舌
小５,舌,ドクゼツを吐く,毒舌
小５,舌,ベンゼツが立つ,弁舌
小５,絶,ゼッタイに勝つ,絶対
小５,絶,連絡がタえる,絶
小５,絶,ダンゼツする,断絶
小５,銭,キンセンの貸し借り,金銭
小５,銭,サイセン箱,賽銭
小５,銭,コゼニを出す,小銭
小５,祖,センゾを敬う,先祖
小５,祖,ソフボに会う,祖父母
小５,祖,ソコクに帰る,祖国
小５,素,スイソガス,水素
小５,素,ソザイの味,素材
小５,素,スナオな性格,素直
小５,総,ソウゴウ的な学習,総合
小５,総,ソウゼイ百名,総勢
小５,総,ソウリ大臣,総理
小５,造,モクゾウの家,木造
小５,造,船をツクる,造
小５,造,ゾウカを飾る,造花
小５,像,仏ゾウ,像
小５,像,ドウゾウを建てる,銅像
小５,像,未来をソウゾウする,想像
小５,増,体重がゾウカする,増加
小５,増,スピードをマす,増
小５,増,水がフえる,増
小５,則,キソクを守る,規則
小５,則,コウソク違反,校則
小５,則,ハンソク負け,反則
小５,測,星をカンソクする,観測
小５,測,長さをハカる,測
小５,測,体重をソクテイする,測定
小５,属,フゾクの小学校,付属
小５,属,キンゾクの棒,金属
小５,属,クラブにショゾクする,所属
小５,率,カクリツを求める,確率
小５,率,チームをヒキいる,率
小５,率,ノウリツが上がる,能率
小５,損,ソンガイ賠償,損害
小５,損,機嫌をソコねる,損
小５,損,ソンシツが大きい,損失
小５,退,タイガクする,退学
小５,退,一歩シリゾく,退
小５,退,ゴウタイする,後退
小５,貸,タイシャク対照表,貸借
小５,貸,本をカす,貸
小５,貸,カしダし中,貸出
小５,態,タイドを改める,態度
小５,態,ジョウタイを確認する,状態
小５,態,緊急ジタイ,事態
小５,団,センシュダンが入場する,選手団
小５,団,ダンチに住む,団地
小５,団,シュウダン行動,集団
小５,断,ケーブルをセツダンする,切断
小５,断,誘いをコトワる,断
小５,断,ケツダンを下す,決断
小５,築,ケンチク家,建築
小５,築,城をキズく,築
小５,築,シンチクの家,新築
小５,張,海外にシュッチョウする,出張
小５,張,ロープをヒッパる,張
小５,張,キンチョウする,緊張
小５,提,計画をテイアンする,提案
小５,提,ゼンテイ条件,前提
小５,提,宿題をテイシュツする,提出
小５,程,テイド問題,程度
小５,程,コウテイ表を作る,工程
小５,程,ニッテイを組む,日程
小５,適,テキトウな長さに切る,適当
小５,適,テキドな運動,適度
小５,適,カイテキな環境,快適
小５,敵,ムテキの強さ,無敵
小５,敵,テキに塩を送る,敵
小５,敵,強豪にヒッテキする,匹敵
小５,統,ルールをトウイツする,統一
小５,統,デントウ工芸品,伝統
小５,統,トウケイをとる,統計
小５,銅,ドウメダルをとる,銅
小５,銅,ドウゾウを見る,銅像
小５,銅,セイドウの剣,青銅
小５,導,シドウに従う,指導
小５,導,成功にミチビく,導
小５,導,ドウニュウ部分,導入
小５,徳,ドウトクの授業,道徳
小５,徳,トクシマ県,徳島
小５,徳,ビトクとする,美徳
小５,独,ドクリツ記念日,独立
小５,独,ヒトリ言を言う,独
小５,独,ドクトクな味,独特
小５,任,ニンムを完了する,任務
小５,任,仕事をマカせる,任
小５,任,クラスのタンニン,担任
小５,燃,ネンリョウを補給する,燃料
小５,燃,ごみをモやす,燃
小５,燃,火がモえる,燃
小５,能,カノウ性が高い,可能
小５,能,ノウリョクを発揮する,能力
小５,能,サイノウがある,才能
小５,破,車がタイハする,大破
小５,破,紙をヤブる,破
小５,破,ハカイする,破壊
小５,犯,ハンザイをなくす,犯罪
小５,犯,ハンニンを捕まえる,犯人
小５,犯,ハンコウの動機,犯行
小５,判,ハンケツが下る,判決
小５,判,ハンダンに迷う,判断
小５,判,事実がハンメイする,判明
小５,版,本をシュッパンする,出版
小５,版,モクハンガを作る,木版画
小５,版,バンガの展覧会,版画
小５,比,ヒレイのグラフ,比例
小５,比,セクラベをする,比
小５,比,ヒカクして考える,比較
小５,肥,ヒリョウをまく,肥料
小５,肥,目がコえる,肥
小５,肥,ヒマン体型,肥満
小５,非,ヒジョウボタン,非常
小５,非,ヒバン日,非番
小５,非,ヒコウに走る,非行
小５,備,ヨビの電池,予備
小５,備,災害にソナえる,備
小５,備,ジュンビ体操,準備
小５,俵,ドヒョウに上がる,土俵
小５,俵,コメダワラを運ぶ,米俵
小５,俵,イッピョウの米,一俵
小５,評,ヒョウバンが良い,評判
小５,評,コウヒョウを博す,好評
小５,評,ヒョウカが高い,評価
小５,貧,ヒンボウな生活,貧乏
小５,貧,マズしい国,貧
小５,貧,ヒンコンをなくす,貧困
小５,布,法律をコウフする,公布
小５,布,ヌノで拭く,布
小５,布,モウフをかける,毛布
小５,婦,フジンフク売り場,婦人服
小５,婦,フウフで出かける,夫婦
小５,婦,シュフの仕事,主婦
小５,富,ホウフな知識,豊富
小５,富,トみに恵まれる,富
小５,富,フジサンに登る,富士山
小５,武,昔のブシ,武士
小５,武,ムシャぶるい,武者
小５,武,ブキを持つ,武器
小５,復,フクシュウをする,復習
小５,復,体力がカイフクする,回復
小５,復,フッカツ祭,復活
小５,複,フクザツな形,複雑
小５,複,フクゴウ施設,複合
小５,複,フクスウの答え,複数
小５,仏,ネンブツを唱える,念仏
小５,仏,ホトケ様,仏
小５,仏,ダイブツを見る,大仏
小５,編,動画をヘンシュウする,編集
小５,編,セーターをアむ,編
小５,編,タンペン小説,短編
小５,弁,おベントウを食べる,弁当
小５,弁,ハナベンが散る,花弁
小５,弁,ベンカイする,弁解
小５,保,荷物をホカンする,保管
小５,保,バランスをタモつ,保
小５,保,自然ホゴ,保護
小５,墓,ボチに埋葬する,墓地
小５,墓,おハカ参り,墓
小５,墓,ハカマイりに行く,墓参
小５,報,天気ヨホウ,予報
小５,報,ホウドウ番組,報道
小５,報,ホウコク書,報告
小５,豊,ホウサクを祝う,豊作
小５,豊,ユタかな自然,豊
小５,豊,ホウフな話題,豊富
小５,防,事故のボウシ,防止
小５,防,被害をフセぐ,防
小５,防,ボウサイ訓練,防災
小５,貿,ボウエキ港,貿易
小５,貿,ボウエキセンが入港する,貿易船
小５,貿,自由ボウエキ,自由貿易
小５,暴,ボウフウ雨,暴風
小５,暴,馬がアバれる,暴
小５,暴,ボウリョクを振るう,暴力
小５,務,ジムショで働く,事務所
小５,務,主役をツトめる,務
小５,務,ギム教育,義務
小５,夢,遊びにムチュウだ,夢中
小５,夢,ハツユメを見る,初夢
小５,夢,ユメを叶える,夢
小５,迷,メイワクをかける,迷惑
小５,迷,道にマヨう,迷
小５,迷,マヨいが生じる,迷
小５,綿,メンカを栽培する,綿花
小５,綿,モメンのシャツ,木綿
小５,綿,ワタあめ,綿
小５,輸,車をユシュツする,輸出
小５,輸,石油のユニュウ,輸入
小５,輸,ユソウ機,輸送
小５,余,ヨブンな力,余分
小５,余,お菓子がアマる,余
小５,余,ヨユウがある,余裕
小５,預,銀行にヨキンする,預金
小５,預,荷物をアズける,預
小５,預,子供をアズかる,預
小５,容,ヨウキに入れる,容器
小５,容,ナイヨウを理解する,内容
小５,容,ビヨウ院に行く,美容
小５,略,説明をショウリャクする,省略
小５,略,リャクジで書く,略字
小５,略,センリャクを立てる,戦略
小５,留,海外へリュウガクする,留学
小５,留,ルス番をする,留守
小５,留,判断をホリュウする,保留
小５,領,リョウチを広げる,領地
小５,領,ダイトウリョウの演説,大統領
小５,領,リョウド問題,領土
小６,異,イジョウな暑さ,異常
小６,異,意見がコトなる,異
小６,異,イコクの文化,異国
小６,遺,世界イサン,遺産
小６,遺,古代のイセキ,遺跡
小６,遺,イゴンを残す,遺言
小６,域,チイキの行事,地域
小６,域,立ち入り禁止のクイキ,区域
小６,域,タイイキを広げる,帯域
小６,宇,ウチュウ旅行,宇宙
小６,宇,ウチュウ服を着る,宇宙
小６,宇,ウチュウ船,宇宙
小６,羽,ウモウ布団,羽毛
小６,羽,ハネを伸ばす,羽
小６,羽,一ワの鳥,羽
小６,映,エイガ館に行く,映画
小６,映,水面にウツる,映
小６,映,テレビのエイゾウ,映像
小６,延,試合がエンキになる,延期
小６,延,期限をノばす,延
小６,延,エンチョウ戦,延長
小６,沿,エンガン部,沿岸
小６,沿,川にソって歩く,沿
小６,沿,エンセンの風景,沿線
小６,我,ジガが芽生える,自我
小６,我,ワレを忘れる,我
小６,我,ガマンする,我慢
小６,灰,カザンバイが降る,火山灰
小６,灰,ハイイロの雲,灰色
小６,灰,ハイざら,灰
小６,拡,写真をカクダイする,拡大
小６,拡,道路をカクチョウする,拡張
小６,拡,カクセイ器で叫ぶ,拡声
小６,革,カクメイが起きる,革命
小６,革,カワぐつを磨く,革
小６,革,カクシン的なアイデア,革新
小６,閣,ナイカクが発足する,内閣
小６,閣,テンシュカクに登る,天守閣
小６,閣,カクリョウが集まる,閣僚
小６,割,ワリビキ券を使う,割引
小６,割,コップがワれる,割
小６,割,男女のワリアイ,割合
小６,株,カブシキ会社,株式
小６,株,切りカブに座る,株
小６,株,カブカが下がる,株価
小６,干,カンチョウと満潮,干潮
小６,干,洗濯物をホす,干
小６,干,カンブツを戻す,干物
小６,巻,本のカンマツ,巻末
小６,巻,包帯をマく,巻
小６,巻,タツマきが発生する,竜巻
小６,看,お店のカンバン,看板
小６,看,病人をカンビョウする,看病
小６,看,カンゴの仕事,看護
小６,簡,カンタンな問題,簡単
小６,簡,カンケツにまとめる,簡潔
小６,簡,ショカンを送る,書簡
小６,危,キケンな遊び,危険
小６,危,アブない橋を渡る,危
小６,危,キキ一髪,危機
小６,機,キカイを逃す,機会
小６,機,ヒコウキに乗る,飛行機
小６,機,キテンを利かす,機転
小６,揮,オーケストラのシキ,指揮
小６,揮,実力をハッキする,発揮
小６,揮,キゴウを頼む,揮毫
小６,机,ツクエに向かう,机
小６,机,ガクシュウヅクエ,学習机
小６,机,キジョウの空論,机上
小６,貴,キチョウな経験,貴重
小６,貴,トウトい命,貴
小６,貴,キゾクの館,貴族
小６,疑,ギモンに思う,疑問
小６,疑,言葉をウタガう,疑
小６,疑,ヨウギ者が捕まる,容疑
小６,吸,知識をキュウシュウする,吸収
小６,吸,大きく息をスう,吸
小６,吸,深コキュウする,呼吸
小６,供,情報テイキョウ,提供
小６,供,コドモが遊ぶ,子供
小６,供,キョウキュウが追いつかない,供給
小６,胸,キョウイを測る,胸囲
小６,胸,ムネが痛む,胸
小６,胸,ド胸がある,度胸
小６,郷,コキョウに帰る,故郷
小６,郷,キョウド料理,郷土
小６,郷,ゴウリの母,郷里
小６,勤,会社にキンムする,勤務
小６,勤,真面目にツトめる,勤
小６,勤,ツウキン電車,通勤
小６,筋,キンニクを鍛える,筋肉
小６,筋,スジを通す,筋
小６,筋,スジみちを立てる,筋道
小６,系,ケイトウ立てて話す,系統
小６,系,太陽系のワクセイ,系
小６,系,カケイ図を作る,家系
小６,敬,ケイゴを使う,敬語
小６,敬,先生をウヤマう,敬
小６,敬,ソンケイする人,尊敬
小６,警,ケイサツを呼ぶ,警察
小６,警,ケイコクを受ける,警告
小６,警,ケイビ員,警備
小６,劇,ゲキジョウに足を運ぶ,劇場
小６,劇,エンゲキの練習,演劇
小６,劇,ヒゲキのヒロイン,悲劇
小６,激,カゲキな発言,過激
小６,激,ハゲしい雨,激
小６,激,ゲキドウの時代,激動
小６,穴,ドウクツを探検する,洞穴
小６,穴,アナを掘る,穴
小６,穴,スアナに隠れる,巣穴
小６,券,テイキケンを買う,定期券
小６,券,ワリビキケンを使う,割引券
小６,券,リョケンを忘れる,旅券
小６,絹,ケンプを織る,絹布
小６,絹,キヌのハンカチ,絹
小６,絹,キヌイトを紡ぐ,絹糸
小６,権,ケンリを主張する,権利
小６,権,ジンケンを尊重する,人権
小６,権,ケンリョクを握る,権力
小６,憲,ケンポウ記念日,憲法
小６,憲,イケン審査,違憲
小６,憲,リッケン君主制,立憲
小６,源,川のゲンリュウ,源流
小６,源,力のミナモト,源
小６,源,天然シゲン,資源
小６,厳,ゲンジュウに注意する,厳重
小６,厳,キビしい寒さ,厳
小６,厳,ゲンカクな父,厳格
小６,己,ジコ中心的な考え,自己
小６,己,オノレを知る,己
小６,己,チキを得る,知己
小６,呼,深コキュウをする,呼吸
小６,呼,名前をヨぶ,呼
小６,呼,カンコの声,歓呼
小６,誤,ゴカイを招く,誤解
小６,誤,計算をアヤマる,誤
小６,誤,ゴサンが生じる,誤算
小６,后,コウゴウ陛下,皇后
小６,后,タイコウの位,太后
小６,后,コウヒの座,后妃
小６,孝,オヤコウコウをする,親孝行
小６,孝,コウコウ息子,孝行
小６,孝,フコウをわびる,不孝
小６,皇,コウキョの前,皇居
小６,皇,テンノウ誕生日,天皇
小６,皇,コウゾクの方々,皇族
小６,紅,コウチャを飲む,紅茶
小６,紅,ベニ色の花,紅
小６,紅,コウハク歌合戦,紅白
小６,降,コウスイ確率,降水
小６,降,雨がフる,降
小６,降,バスをオりる,降
小６,鋼,コウザイを運ぶ,鋼材
小６,鋼,ハガネの心,鋼
小６,鋼,テッコウ業,鉄鋼
小６,刻,出発のジコク,時刻
小６,刻,木に名前をキザむ,刻
小６,刻,チョウコクの作品,彫刻
小６,穀,コクモツを輸入する,穀物
小６,穀,ザッコク米,雑穀
小６,穀,コクソウ地帯,穀倉
小６,骨,腕をコッセツする,骨折
小６,骨,魚のホネ,骨
小６,骨,テッコツの建物,鉄骨
小６,困,コンナンを乗り越える,困難
小６,困,返答にコマル,困
小６,困,ヒンコンをなくす,貧困
小６,砂,サバクの緑化,砂漠
小６,砂,スナ遊び,砂
小６,砂,サキュウを歩く,砂丘
小６,座,ザセキに座る,座席
小６,座,椅子にスワる,座
小６,座,セイザをする,正座
小６,済,ケイザイが発展する,経済
小６,済,用事がスむ,済
小６,済,借金をヘンサイする,返済
小６,裁,サイバンにかける,裁判
小６,裁,罪をサバく,裁
小６,裁,サイホウ道具,裁縫
小６,策,タイサクを練る,対策
小６,策,サクリャクに陥る,策略
小６,策,シサクを講じる,施策
小６,冊,サッシを配る,冊子
小６,冊,本をサンサツ買う,三冊
小６,冊,ベッサツの付録,別冊
小６,蚕,ヨウサン業,養蚕
小６,蚕,カイコを飼う,蚕
小６,蚕,サンシをとる,蚕糸
小６,至,シキュウ連絡する,至急
小６,至,現在にイタる,至
小６,至,ゲシの候,夏至
小６,私,授業中のシゴ,私語
小６,私,ワタクシの意見,私
小６,私,シリツの学校,私立
小６,姿,シセイが良い,姿勢
小６,姿,スガタを消す,姿
小６,姿,ヨウシ端麗,容姿
小６,視,シリョクを測る,視力
小６,視,シカイが広がる,視界
小６,視,シテンを変える,視点
小６,詞,カシを覚える,歌詞
小６,詞,ヒンシの分類,品詞
小６,詞,ドウシの活用,動詞
小６,誌,ザッシを読む,雑誌
小６,誌,ニッシをつける,日誌
小６,誌,ガクネイシ,学年誌
小６,磁,ジリョクの強さ,磁力
小６,磁,デンジシャクの実験,電磁石
小６,磁,ジキテープ,磁気
小６,射,チュウシャを打つ,注射
小６,射,矢をイる,射
小６,射,光がハンシャする,反射
小６,捨,シシャゴニュウする,四捨
小６,捨,ゴミをスてる,捨
小６,捨,トリステる,取り捨て
小６,尺,シャクドを合わせる,尺度
小６,尺,地図のシュクシャク,縮尺
小６,尺,マキジャクで測る,巻尺
小６,若,ジャクネン層,若年
小６,若,ワカい世代,若
小６,若,ワカモノの街,若者
小６,樹,ジュモクが茂る,樹木
小６,樹,カジュ園,果樹
小６,樹,ジュヒを剥ぐ,樹皮
小６,収,シュウニュウを得る,収入
小６,収,税をオサめる,収
小６,収,シュウカクの秋,収穫
小６,宗,シュウキョウの自由,宗教
小６,宗,シュウハが違う,宗派
小６,宗,ソウケの当主,宗家
小６,就,シュウショク活動,就職
小６,就,仕事にツく,就
小６,就,シュウニン式,就任
小６,衆,シュウギイン議員,衆議院
小６,衆,タイシュウ食堂,大衆
小６,衆,グンシュウの波,群衆
小６,従,ジュウジュンな態度,従順
小６,従,ルールにシタガう,従
小６,従,ジュウギョウイン,従業員
小６,縦,ジュウオウ無尽,縦横
小６,縦,タテと横,縦
小６,縦,ソウジュウ席,操縦
小６,縮,写真をシュクショウする,縮小
小６,縮,セーターがチヂむ,縮
小６,縮,シュンシュクする生地,伸縮
小６,熟,四字ジュクゴ,熟語
小６,熟,果実がセイジュクする,成熟
小６,熟,ミジュクな腕前,未熟
小６,純,ジュンジョウな若者,純情
小６,純,ジュンキン製の指輪,純金
小６,純,ジュンパクのドレス,純白
小６,処,ゴミのショリ,処理
小６,処,トラブルにタイショする,対処
小６,処,ショブンを決定する,処分
小６,署,ショメイ活動,署名
小６,署,ケイサツショに行く,警察署
小６,署,ゼイムショの職員,税務署
小６,諸,ショクンにお願いする,諸君
小６,諸,ヨーロッパショコク,諸国
小６,諸,ショトウを巡る,諸島
小６,除,障害をジョキョする,除去
小６,除,仲間からノゾく,除
小６,除,部屋のソウジ,掃除
小６,将,ショウグンに仕える,将軍
小６,将,タイショウの命令,大将
小６,将,ショウライの夢,将来
小６,傷,フショウ者を助ける,負傷
小６,傷,キズが痛む,傷
小６,傷,ジュウショウを負う,重傷
小６,障,ショウガイ物を避ける,障害
小６,障,仕事のサワりになる,障
小６,障,機械がコショウする,故障
小６,城,立派なシロ,城
小６,城,コジョウの跡,古城
小６,城,ジョウカマチを歩く,城下町
小６,蒸,ジョウキ機関車,蒸気
小６,蒸,タオルをムす,蒸
小６,蒸,スイジョウキが発生する,水蒸気
小６,針,ホウシンを決める,方針
小６,針,ハリに糸を通す,針
小６,針,ラシンバンを見る,羅針盤
小６,仁,ジンアイの心,仁愛
小６,仁,ジンギを重んじる,仁義
小６,仁,ジンジュツを施す,仁術
小６,垂,スイチョクに立てる,垂直
小６,垂,枝がタれる,垂
小６,垂,ケンスイの練習,懸垂
小６,推,犯人をスイリする,推理
小６,推,計画をオし進める,推
小６,推,被害をスイソクする,推測
小６,寸,スンポウを測る,寸法
小６,寸,イッスンの虫,一寸
小６,寸,スンプンの狂いもない,寸分
小６,盛,セイダイなパーティー,盛大
小６,盛,ご飯をモる,盛
小６,盛,スポーツがサカンだ,盛
小６,聖,セイジンの教え,聖人
小６,聖,シンセイな場所,神聖
小６,聖,セイショを読む,聖書
小６,誠,セイジツな人柄,誠実
小６,誠,マコトの心,誠
小６,誠,チュウセイを誓う,忠誠
小６,宣,独立センゲン,宣言
小６,宣,新製品のセンデン,宣伝
小６,宣,センキョウ師,宣教
小６,専,センモン家,専門
小６,専,センギョウ主婦,専業
小６,専,勉強にセンネンする,専念
小６,泉,オンセンにつかる,温泉
小６,泉,イズミの水,泉
小６,泉,ゲンセン掛け流し,源泉
小６,洗,センガン料,洗顔
小６,洗,手をアラう,洗
小６,洗,センタク物を干す,洗濯
小６,染,センショクの技術,染色
小６,染,布を青くソめる,染
小６,染,ウイルスにカンセンする,感染
小６,善,ゼンニンぶる,善人
小６,善,ヨい行い,善
小６,善,環境をカイゼンする,改善
小６,奏,ピアノのエンソウ,演奏
小６,奏,リコーダーのガッソウ,合奏
小６,奏,バンソウを務める,伴奏
小６,窓,シャソウからの眺め,車窓
小６,窓,マドを開ける,窓
小６,窓,マドグチで尋ねる,窓口
小６,創,新しい文化をソウゾウする,創造
小６,創,ツクり話,創
小６,創,ソウサク活動,創作
小６,装,ソウビを整える,装備
小６,装,ドレスをヨソオう,装
小６,装,フクソウの乱れ,服装
小６,層,チソウの重なり,地層
小６,層,カイソウ社会,階層
小６,層,ダンソウを調べる,断層
小６,操,機械のソウサ,操作
小６,操,人形をアヤツる,操
小６,操,ラジオタイソウ,体操
小６,蔵,図書館のゾウショ,蔵書
小６,蔵,レイゾウコに入れる,冷蔵庫
小６,蔵,ワインをチョゾウする,貯蔵
小６,臓,ナイゾウの検査,内臓
小６,臓,シンゾウの鼓動,心臓
小６,臓,カンゾウの働き,肝臓
小６,存,会社のソンゾク,存続
小６,存,データをホゾンする,保存
小６,存,スマホにイゾンする,依存
小６,尊,先生をソンケイする,尊敬
小６,尊,トウトい命,尊
小６,尊,意見をソンチョウする,尊重
小６,宅,タクハイ便が届く,宅配
小６,宅,ジタクに帰る,自宅
小６,宅,ジュウタク街,住宅
小６,担,タントウ者を呼ぶ,担当
小６,担,次代をニナう,担
小６,担,クラスのタンニン,担任
小６,探,ジャングルをタンケンする,探検
小６,探,宝物をサガす,探
小６,探,真理をタンキュウする,探求
小６,誕,タンジョウ日,誕生
小６,誕,キリストのセイタン,生誕
小６,誕,コウタン祭,降誕
小６,段,ダンラクを変える,段落
小６,段,カイダンを登る,階段
小６,段,シュダンを選ばない,手段
小６,暖,今年の冬はダントウだ,暖冬
小６,暖,アタタかい部屋,暖
小６,暖,ダンボウをつける,暖房
小６,値,カチのある品,価値
小６,値,ネダン交渉,値段
小６,値,アタイを求める,値
小６,宙,チュウガエりをする,宙返
小６,宙,ウチュウの神秘,宇宙
小６,宙,ソラを舞う,宙
小６,忠,チュウギを尽くす,忠義
小６,忠,チュウジツに再現する,忠実
小６,忠,チュウコクに従う,忠告
小６,著,チョサクケンを守る,著作権
小６,著,本をアラワす,著
小６,著,チョメイな作家,著名
小６,庁,ケンチョウ所在地,県庁
小６,庁,ショウチョウの再編,省庁
小６,庁,カンチョウ街,官庁
小６,頂,山のチョウジョウ,頂上
小６,頂,賞状をイタダく,頂
小６,頂,サンチョウからの景色,山頂
小６,潮,時代のフウチョウ,風潮
小６,潮,シオが引く,潮
小６,潮,マンチョウの海,満潮
小６,賃,チンギンが上がる,賃金
小６,賃,ヤチンを払う,家賃
小６,賃,電車のウンチン,運賃
小６,痛,フクツウが治る,腹痛
小６,痛,頭がイタい,痛
小６,痛,ズツウ薬を飲む,頭痛
小６,展,作品のテンジ,展示
小６,展,町のハッテン,発展
小６,展,ストーリーのテンカイ,展開
小６,討,トウギを重ねる,討議
小６,討,ケントウを祈る,健闘
小６,討,トウバツ隊を派遣する,討伐
小６,党,トウハを超える,党派
小６,党,セイトウの公約,政党
小６,党,ヨトウと野党,与党
小６,糖,トウブンを控える,糖分
小６,糖,サトウを入れる,砂糖
小６,糖,トウニョウ病,糖尿
小６,届,荷物をトドける,届
小６,届,ケッセキドドけ,欠席届
小６,届,声がトドク,届く
小６,難,ナンショを越える,難所
小６,難,ムズカしい問題,難
小６,難,ヒナン訓練,避難
小６,乳,ギュウニュウを飲む,牛乳
小６,乳,チチを搾る,乳
小６,乳,ボニュウで育てる,母乳
小６,認,状況をニンシキする,認識
小６,認,間違いをミトめる,認
小６,認,カクニン作業,確認
小６,納,ノウキに間に合う,納期
小６,納,税金をオサめる,納
小６,納,ナットクがいく,納得
小６,脳,ノウハを調べる,脳波
小６,脳,ズノウ明晰な人,頭脳
小６,脳,シュノウ会談,首脳
小６,派,ハセイした問題,派生
小６,派,応援をハケンする,派遣
小６,派,リッパな建物,立派
小６,拝,お手紙をハイケンする,拝見
小６,拝,神仏をオガむ,拝
小６,拝,神社にサンパイする,参拝
小６,背,ハイケイに山が見える,背景
小６,背,セナカを向ける,背
小６,背,ハイゴに注意する,背後
小６,肺,ハイコキュウをする,肺呼吸
小６,肺,ハイエンにかかる,肺炎
小６,肺,シンパイ停止,心肺
小６,俳,ハイクを詠む,俳句
小６,俳,ハイユウの演技,俳優
小６,俳,ハイジンが集まる,俳人
小６,班,ハンチョウになる,班長
小６,班,一ハンから五ハン,班
小６,班,ハングミを決める,班組
小６,晩,コンバンは冷える,今晩
小６,晩,バンゴハンを食べる,晩
小６,晩,バンネンを穏やかに過ごす,晩年
小６,否,事実をヒテイする,否定
小６,否,ゴウヒの発表,合否
小６,否,サンピリョウロン,賛否
小６,批,ヒハンを浴びる,批判
小６,批,ヒヒョウ家の意見,批評
小６,批,条約をヒジュンする,批准
小６,秘,ヒミツを守る,秘密
小６,秘,胸にヒめる,秘
小６,秘,シンピ的な森,神秘
小６,腹,リップクして帰る,立腹
小６,腹,ハラが立つ,腹
小６,腹,クウフクを満たす,空腹
小６,奮,コウフン冷めやらない,興奮
小６,奮,勇気をフルう,奮
小６,奮,フントウする,奮闘
小６,並,ヘイコウ線をたどる,平行
小６,並,列にナラぶ,並
小６,並,ヘイカして進める,並行
小６,陛,天皇ヘイカ,陛下
小６,陛,皇后ヘイカ,陛下
小６,陛,ヘイケンを賜る,陛見
小６,閉,お店がヘイテンする,閉店
小６,閉,本をトじる,閉
小６,閉,ヘイサ的な空間,閉鎖
小６,片,部屋をカタづける,片
小６,片,カタホウの靴,片方
小６,片,ガラスのハヘン,破片
小６,補,ホジョ輪を外す,補助
小６,補,欠点をオギナう,補
小６,補,コウホ者,候補
小６,暮,ユウグれ時,夕暮
小６,暮,一人クらし,暮
小６,暮,ボショクが迫る,暮色
小６,宝,ホウセキ箱,宝石
小６,宝,タカラモノを探す,宝物
小６,宝,コクホウの仏像,国宝
小６,訪,家庭ホウモン,訪問
小６,訪,友人をオトズれる,訪
小６,訪,ライホウ者,来訪
小６,亡,海外へボウメイする,亡命
小６,亡,国家のソンボウ,存亡
小６,亡,ナくなる,亡
小６,忘,ボウキャクの彼方,忘却
小６,忘,約束をワスれる,忘
小６,忘,ケンボウ症,健忘
小６,棒,ボウきれを拾う,棒
小６,棒,テツボウの練習,鉄棒
小６,棒,ドロボウを捕まえる,泥棒
小６,枚,マイスウを数える,枚数
小６,枚,一マイの紙,枚
小６,枚,マイキョにいとまがない,枚挙
小６,幕,大会のカイマク,開幕
小６,幕,江戸バクフ,幕府
小６,幕,マクアイの休憩,幕間
小６,密,ミッシュウ地帯,密集
小６,密,セイミツな検査,精密
小６,密,ヒミツの場所,秘密
小６,盟,メイユウの契り,盟友
小６,盟,ドウメイを結ぶ,同盟
小６,盟,カメイ国,加盟
小６,模,モヨウを描く,模様
小６,模,飛行機のモケイ,模型
小６,模,キボを拡大する,規模
小６,訳,ツウヤクの仕事,通訳
小６,訳,ワケを話す,訳
小６,訳,ホンヤク書を読む,翻訳
小６,郵,ユウビン局に行く,郵便
小６,郵,ユウソウで送る,郵送
小６,郵,ユウゼイを払う,郵税
小６,優,ユウシュウな成績,優秀
小６,優,ヤサしい言葉,優
小６,優,ジョユウになる,女優
小６,幼,ヨウジ向けの番組,幼児
小６,幼,オサナい頃,幼
小６,幼,ヨウチな考え,幼稚
小６,羊,ヨウモウのセーター,羊毛
小６,羊,ヒツジの群れ,羊
小６,羊,ボクヨウ地,牧羊
小６,欲,ヨクボウを満たす,欲望
小６,欲,水がホしい,欲
小６,欲,ゴウヨクな人,強欲
小６,翌,ヨクジツの朝,翌日
小６,翌,ヨクネンの春,翌年
小６,翌,ヨクチョウ早く起きる,翌朝
小６,乱,ランザツな部屋,乱雑
小６,乱,ペースをミダす,乱
小６,乱,コンランを避ける,混乱
小６,卵,ランオウと卵白,卵黄
小６,卵,タマゴ焼き,卵
小６,卵,サケのサンラン,産卵
小６,覧,カンラン車に乗る,観覧
小６,覧,テンラン会に行く,展覧
小６,覧,本をエツランする,閲覧
小６,裏,紙のリメン,裏面
小６,裏,ウラの畑,裏
小６,裏,ウラガエしに着る,裏返
小６,律,キリツ正しい生活,規律
小６,律,ホウリツを守る,法律
小６,律,インリツを踏む,韻律
小６,臨,リンジ休業,臨時
小６,臨,海をノゾむ部屋,臨
小６,臨,王がクンリンする,君臨
小６,朗,詩をロウドクする,朗読
小６,朗,ロウホウが届く,朗報
小６,朗,ホガらかな性格,朗
小６,論,ロンブンを書く,論文
小６,論,ケツロンを出す,結論
小６,論,ギロンを交わす,議論
小６,,,
小６,,,
小６,```,,
小６,,,
小６,対象の漢字,問題,答え
小６,異,イジョウな暑さ,異常
小６,異,意見がコトなる,異
小６,異,イコクの文化,異国
小６,遺,世界イサン,遺産
小６,遺,古代のイセキ,遺跡
小６,遺,イゴンを残す,遺言
小６,域,チイキの行事,地域
小６,域,立ち入り禁止のクイキ,区域
小６,域,タイイキを広げる,帯域
小６,宇,ウチュウ旅行,宇宙
小６,宇,ウチュウ服を着る,宇宙
小６,宇,ウチュウ船,宇宙
小６,羽,ウモウ布団,羽毛
小６,羽,ハネを伸ばす,羽
小６,羽,一ワの鳥,羽
小６,映,エイガ館に行く,映画
小６,映,水面にウツる,映
小６,映,テレビのエイゾウ,映像
小６,延,試合がエンキになる,延期
小６,延,期限をノばす,延
小６,延,エンチョウ戦,延長
小６,沿,エンガン部,沿岸
小６,沿,川にソって歩く,沿
小６,沿,エンセンの風景,沿線
小６,我,ジガが芽生える,自我
小６,我,ワレを忘れる,我
小６,我,ガマンする,我慢
小６,灰,カザンバイが降る,火山灰
小６,灰,ハイイロの雲,灰色
小６,灰,ハイざら,灰
小６,拡,写真をカクダイする,拡大
小６,拡,道路をカクチョウする,拡張
小６,拡,カクセイ器で叫ぶ,拡声
小６,革,カクメイが起きる,革命
小６,革,カワぐつを磨く,革
小６,革,カクシン的なアイデア,革新
小６,閣,ナイカクが発足する,内閣
小６,閣,テンシュカクに登る,天守閣
小６,閣,カクリョウが集まる,閣僚
小６,割,ワリビキ券を使う,割引
小６,割,コップがワれる,割
小６,割,男女のワリアイ,割合
小６,株,カブシキ会社,株式
小６,株,切りカブに座る,株
小６,株,カブカが下がる,株価
小６,干,カンチョウと満潮,干潮
小６,干,洗濯物をホす,干
小６,干,カンブツを戻す,干物
小６,巻,本のカンマツ,巻末
小６,巻,包帯をマく,巻
小６,巻,タツマきが発生する,竜巻
小６,看,お店のカンバン,看板
小６,看,病人をカンビョウする,看病
小６,看,カンゴの仕事,看護
小６,簡,カンタンな問題,簡単
小６,簡,カンケツにまとめる,簡潔
小６,簡,ショカンを送る,書簡
小６,危,キケンな遊び,危険
小６,危,アブない橋を渡る,危
小６,危,キキ一髪,危機
小６,機,キカイを逃す,機会
小６,機,ヒコウキに乗る,飛行機
小６,機,キテンを利かす,機転
小６,揮,オーケストラのシキ,指揮
小６,揮,実力をハッキする,発揮
小６,揮,キゴウを頼む,揮毫
小６,机,ツクエに向かう,机
小６,机,ガクシュウヅクエ,学習机
小６,机,キジョウの空論,机上
小６,貴,キチョウな経験,貴重
小６,貴,トウトい命,貴
小６,貴,キゾクの館,貴族
小６,疑,ギモンに思う,疑問
小６,疑,言葉をウタガう,疑
小６,疑,ヨウギ者が捕まる,容疑
小６,吸,知識をキュウシュウする,吸収
小６,吸,大きく息をスう,吸
小６,吸,深コキュウする,呼吸
小６,供,情報テイキョウ,提供
小６,供,コドモが遊ぶ,子供
小６,供,キョウキュウが追いつかない,供給
小６,胸,キョウイを測る,胸囲
小６,胸,ムネが痛む,胸
小６,胸,ド胸がある,度胸
小６,郷,コキョウに帰る,故郷
小６,郷,キョウド料理,郷土
小６,郷,ゴウリの母,郷里
小６,勤,会社にキンムする,勤務
小６,勤,真面目にツトめる,勤
小６,勤,ツウキン電車,通勤
小６,筋,キンニクを鍛える,筋肉
小６,筋,スジを通す,筋
小６,筋,スジみちを立てる,筋道
小６,系,ケイトウ立てて話す,系統
小６,系,太陽系のワクセイ,系
小６,系,カケイ図を作る,家系
小６,敬,ケイゴを使う,敬語
小６,敬,先生をウヤマう,敬
小６,敬,ソンケイする人,尊敬
小６,警,ケイサツを呼ぶ,警察
小６,警,ケイコクを受ける,警告
小６,警,ケイビ員,警備
小６,劇,ゲキジョウに足を運ぶ,劇場
小６,劇,エンゲキの練習,演劇
小６,劇,ヒゲキのヒロイン,悲劇
小６,激,カゲキな発言,過激
小６,激,ハゲしい雨,激
小６,激,ゲキドウの時代,激動
小６,穴,ドウクツを探検する,洞穴
小６,穴,アナを掘る,穴
小６,穴,スアナに隠れる,巣穴
小６,券,テイキケンを買う,定期券
小６,券,ワリビキケンを使う,割引券
小６,券,リョケンを忘れる,旅券
小６,絹,ケンプを織る,絹布
小６,絹,キヌのハンカチ,絹
小６,絹,キヌイトを紡ぐ,絹糸
小６,権,ケンリを主張する,権利
小６,権,ジンケンを尊重する,人権
小６,権,ケンリョクを握る,権力
小６,憲,ケンポウ記念日,憲法
小６,憲,イケン審査,違憲
小６,憲,リッケン君主制,立憲
小６,源,川のゲンリュウ,源流
小６,源,力のミナモト,源
小６,源,天然シゲン,資源
小６,厳,ゲンジュウに注意する,厳重
小６,厳,キビしい寒さ,厳
小６,厳,ゲンカクな父,厳格
小６,己,ジコ中心的な考え,自己
小６,己,オノレを知る,己
小６,己,チキを得る,知己
小６,呼,深コキュウをする,呼吸
小６,呼,名前をヨぶ,呼
小６,呼,カンコの声,歓呼
小６,誤,ゴカイを招く,誤解
小６,誤,計算をアヤマる,誤
小６,誤,ゴサンが生じる,誤算
小６,后,コウゴウ陛下,皇后
小６,后,タイコウの位,太后
小６,后,コウヒの座,后妃
小６,孝,オヤコウコウをする,親孝行
小６,孝,コウコウ息子,孝行
小６,孝,フコウをわびる,不孝
小６,皇,コウキョの前,皇居
小６,皇,テンノウ誕生日,天皇
小６,皇,コウゾクの方々,皇族
小６,紅,コウチャを飲む,紅茶
小６,紅,ベニ色の花,紅
小６,紅,コウハク歌合戦,紅白
小６,降,コウスイ確率,降水
小６,降,雨がフる,降
小６,降,バスをオりる,降
小６,鋼,コウザイを運ぶ,鋼材
小６,鋼,ハガネの心,鋼
小６,鋼,テッコウ業,鉄鋼
小６,刻,出発のジコク,時刻
小６,刻,木に名前をキザむ,刻
小６,刻,チョウコクの作品,彫刻
小６,穀,コクモツを輸入する,穀物
小６,穀,ザッコク米,雑穀
小６,穀,コクソウ地帯,穀倉
小６,骨,腕をコッセツする,骨折
小６,骨,魚のホネ,骨
小６,骨,テッコツの建物,鉄骨
小６,困,コンナンを乗り越える,困難
小６,困,返答にコマル,困
小６,困,ヒンコンをなくす,貧困
小６,砂,サバクの緑化,砂漠
小６,砂,スナ遊び,砂
小６,砂,サキュウを歩く,砂丘
小６,座,ザセキに座る,座席
小６,座,椅子にスワる,座
小６,座,セイザをする,正座
小６,済,ケイザイが発展する,経済
小６,済,用事がスむ,済
小６,済,借金をヘンサイする,返済
小６,裁,サイバンにかける,裁判
小６,裁,罪をサバく,裁
小６,裁,サイホウ道具,裁縫
小６,策,タイサクを練る,対策
小６,策,サクリャクに陥る,策略
小６,策,シサクを講じる,施策
小６,冊,サッシを配る,冊子
小６,冊,本をサンサツ買う,三冊
小６,冊,ベッサツの付録,別冊
小６,蚕,ヨウサン業,養蚕
小６,蚕,カイコを飼う,蚕
小６,蚕,サンシをとる,蚕糸
小６,至,シキュウ連絡する,至急
小６,至,現在にイタる,至
小６,至,ゲシの候,夏至
小６,私,授業中のシゴ,私語
小６,私,ワタクシの意見,私
小６,私,シリツの学校,私立
小６,姿,シセイが良い,姿勢
小６,姿,スガタを消す,姿
小６,姿,ヨウシ端麗,容姿
小６,視,シリョクを測る,視力
小６,視,シカイが広がる,視界
小６,視,シテンを変える,視点
小６,詞,カシを覚える,歌詞
小６,詞,ヒンシの分類,品詞
小６,詞,ドウシの活用,動詞
小６,誌,ザッシを読む,雑誌
小６,誌,ニッシをつける,日誌
小６,誌,ガクネイシ,学年誌
小６,磁,ジリョクの強さ,磁力
小６,磁,デンジシャクの実験,電磁石
小６,磁,ジキテープ,磁気
小６,射,チュウシャを打つ,注射
小６,射,矢をイる,射
小６,射,光がハンシャする,反射
小６,捨,シシャゴニュウする,四捨
小６,捨,ゴミをスてる,捨
小６,捨,トリステる,取り捨て
小６,尺,シャクドを合わせる,尺度
小６,尺,地図のシュクシャク,縮尺
小６,尺,マキジャクで測る,巻尺
小６,若,ジャクネン層,若年
小６,若,ワカい世代,若
小６,若,ワカモノの街,若者
小６,樹,ジュモクが茂る,樹木
小６,樹,カジュ園,果樹
小６,樹,ジュヒを剥ぐ,樹皮
小６,収,シュウニュウを得る,収入
小６,収,税をオサめる,収
小６,収,シュウカクの秋,収穫
小６,宗,シュウキョウの自由,宗教
小６,宗,シュウハが違う,宗派
小６,宗,ソウケの当主,宗家
小６,就,シュウショク活動,就職
小６,就,仕事にツく,就
小６,就,シュウニン式,就任
小６,衆,シュウギイン議員,衆議院
小６,衆,タイシュウ食堂,大衆
小６,衆,グンシュウの波,群衆
小６,従,ジュウジュンな態度,従順
小６,従,ルールにシタガう,従
小６,従,ジュウギョウイン,従業員
小６,縦,ジュウオウ無尽,縦横
小６,縦,タテと横,縦
小６,縦,ソウジュウ席,操縦
小６,縮,写真をシュクショウする,縮小
小６,縮,セーターがチヂむ,縮
小６,縮,シュンシュクする生地,伸縮
小６,熟,四字ジュクゴ,熟語
小６,熟,果実がセイジュクする,成熟
小６,熟,ミジュクな腕前,未熟
小６,純,ジュンジョウな若者,純情
小６,純,ジュンキン製の指輪,純金
小６,純,ジュンパクのドレス,純白
小６,処,ゴミのショリ,処理
小６,処,トラブルにタイショする,対処
小６,処,ショブンを決定する,処分
小６,署,ショメイ活動,署名
小６,署,ケイサツショに行く,警察署
小６,署,ゼイムショの職員,税務署
小６,諸,ショクンにお願いする,諸君
小６,諸,ヨーロッパショコク,諸国
小６,諸,ショトウを巡る,諸島
小６,除,障害をジョキョする,除去
小６,除,仲間からノゾく,除
小６,除,部屋のソウジ,掃除
小６,将,ショウグンに仕える,将軍
小６,将,タイショウの命令,大将
小６,将,ショウライの夢,将来
小６,傷,フショウ者を助ける,負傷
小６,傷,キズが痛む,傷
小６,傷,ジュウショウを負う,重傷
小６,障,ショウガイ物を避ける,障害
小６,障,仕事のサワりになる,障
小６,障,機械がコショウする,故障
小６,城,立派なシロ,城
小６,城,コジョウの跡,古城
小６,城,ジョウカマチを歩く,城下町
小６,蒸,ジョウキ機関車,蒸気
小６,蒸,タオルをムす,蒸
小６,蒸,スイジョウキが発生する,水蒸気
小６,針,ホウシンを決める,方針
小６,針,ハリに糸を通す,針
小６,針,ラシンバンを見る,羅針盤
小６,仁,ジンアイの心,仁愛
小６,仁,ジンギを重んじる,仁義
小６,仁,ジンジュツを施す,仁術
小６,垂,スイチョクに立てる,垂直
小６,垂,枝がタれる,垂
小６,垂,ケンスイの練習,懸垂
小６,推,犯人をスイリする,推理
小６,推,計画をオし進める,推
小６,推,被害をスイソクする,推測
小６,寸,スンポウを測る,寸法
小６,寸,イッスンの虫,一寸
小６,寸,スンプンの狂いもない,寸分
小６,盛,セイダイなパーティー,盛大
小６,盛,ご飯をモる,盛
小６,盛,スポーツがサカンだ,盛
小６,聖,セイジンの教え,聖人
小６,聖,シンセイな場所,神聖
小６,聖,セイショを読む,聖書
小６,誠,セイジツな人柄,誠実
小６,誠,マコトの心,誠
小６,誠,チュウセイを誓う,忠誠
小６,宣,独立センゲン,宣言
小６,宣,新製品のセンデン,宣伝
小６,宣,センキョウ師,宣教
小６,専,センモン家,専門
小６,専,センギョウ主婦,専業
小６,専,勉強にセンネンする,専念
小６,泉,オンセンにつかる,温泉
小６,泉,イズミの水,泉
小６,泉,ゲンセン掛け流し,源泉
小６,洗,センガン料,洗顔
小６,洗,手をアラう,洗
小６,洗,センタク物を干す,洗濯
小６,染,センショクの技術,染色
小６,染,布を青くソめる,染
小６,染,ウイルスにカンセンする,感染
小６,善,ゼンニンぶる,善人
小６,善,ヨい行い,善
小６,善,環境をカイゼンする,改善
小６,奏,ピアノのエンソウ,演奏
小６,奏,リコーダーのガッソウ,合奏
小６,奏,バンソウを務める,伴奏
小６,窓,シャソウからの眺め,車窓
小６,窓,マドを開ける,窓
小６,窓,マドグチで尋ねる,窓口
小６,創,新しい文化をソウゾウする,創造
小６,創,ツクり話,創
小６,創,ソウサク活動,創作
小６,装,ソウビを整える,装備
小６,装,ドレスをヨソオう,装
小６,装,フクソウの乱れ,服装
小６,層,チソウの重なり,地層
小６,層,カイソウ社会,階層
小６,層,ダンソウを調べる,断層
小６,操,機械のソウサ,操作
小６,操,人形をアヤツる,操
小６,操,ラジオタイソウ,体操
小６,蔵,図書館のゾウショ,蔵書
小６,蔵,レイゾウコに入れる,冷蔵庫
小６,蔵,ワインをチョゾウする,貯蔵
小６,臓,ナイゾウの検査,内臓
小６,臓,シンゾウの鼓動,心臓
小６,臓,カンゾウの働き,肝臓
小６,存,会社のソンゾク,存続
小６,存,データをホゾンする,保存
小６,存,スマホにイゾンする,依存
小６,尊,先生をソンケイする,尊敬
小６,尊,トウトい命,尊
小６,尊,意見をソンチョウする,尊重
小６,宅,タクハイ便が届く,宅配
小６,宅,ジタクに帰る,自宅
小６,宅,ジュウタク街,住宅
小６,担,タントウ者を呼ぶ,担当
小６,担,次代をニナう,担
小６,担,クラスのタンニン,担任
小６,探,ジャングルをタンケンする,探検
小６,探,宝物をサガす,探
小６,探,真理をタンキュウする,探求
小６,誕,タンジョウ日,誕生
小６,誕,キリストのセイタン,生誕
小６,誕,コウタン祭,降誕
小６,段,ダンラクを変える,段落
小６,段,カイダンを登る,階段
小６,段,シュダンを選ばない,手段
小６,暖,今年の冬はダントウだ,暖冬
小６,暖,アタタかい部屋,暖
小６,暖,ダンボウをつける,暖房
小６,値,カチのある品,価値
小６,値,ネダン交渉,値段
小６,値,アタイを求める,値
小６,宙,チュウガエりをする,宙返
小６,宙,ウチュウの神秘,宇宙
小６,宙,ソラを舞う,宙
小６,忠,チュウギを尽くす,忠義
小６,忠,チュウジツに再現する,忠実
小６,忠,チュウコクに従う,忠告
小６,著,チョサクケンを守る,著作権
小６,著,本をアラワす,著
小６,著,チョメイな作家,著名
小６,庁,ケンチョウ所在地,県庁
小６,庁,ショウチョウの再編,省庁
小６,庁,カンチョウ街,官庁
小６,頂,山のチョウジョウ,頂上
小６,頂,賞状をイタダく,頂
小６,頂,サンチョウからの景色,山頂
小６,潮,時代のフウチョウ,風潮
小６,潮,シオが引く,潮
小６,潮,マンチョウの海,満潮
小６,賃,チンギンが上がる,賃金
小６,賃,ヤチンを払う,家賃
小６,賃,電車のウンチン,運賃
小６,痛,フクツウが治る,腹痛
小６,痛,頭がイタい,痛
小６,痛,ズツウ薬を飲む,頭痛
小６,展,作品のテンジ,展示
小６,展,町のハッテン,発展
小６,展,ストーリーのテンカイ,展開
小６,討,トウギを重ねる,討議
小６,討,ケントウを祈る,健闘
小６,討,トウバツ隊を派遣する,討伐
小６,党,トウハを超える,党派
小６,党,セイトウの公約,政党
小６,党,ヨトウと野党,与党
小６,糖,トウブンを控える,糖分
小６,糖,サトウを入れる,砂糖
小６,糖,トウニョウ病,糖尿
小６,届,荷物をトドける,届
小６,届,ケッセキドドけ,欠席届
小６,届,声がトドク,届く
小６,難,ナンショを越える,難所
小６,難,ムズカしい問題,難
小６,難,ヒナン訓練,避難
小６,乳,ギュウニュウを飲む,牛乳
小６,乳,チチを搾る,乳
小６,乳,ボニュウで育てる,母乳
小６,認,状況をニンシキする,認識
小６,認,間違いをミトめる,認
小６,認,カクニン作業,確認
小６,納,ノウキに間に合う,納期
小６,納,税金をオサめる,納
小６,納,ナットクがいく,納得
小６,脳,ノウハを調べる,脳波
小６,脳,ズノウ明晰な人,頭脳
小６,脳,シュノウ会談,首脳
小６,派,ハセイした問題,派生
小６,派,応援をハケンする,派遣
小６,派,リッパな建物,立派
小６,拝,お手紙をハイケンする,拝見
小６,拝,神仏をオガむ,拝
小６,拝,神社にサンパイする,参拝
小６,背,ハイケイに山が見える,背景
小６,背,セナカを向ける,背
小６,背,ハイゴに注意する,背後
小６,肺,ハイコキュウをする,肺呼吸
小６,肺,ハイエンにかかる,肺炎
小６,肺,シンパイ停止,心肺
小６,俳,ハイクを詠む,俳句
小６,俳,ハイユウの演技,俳優
小６,俳,ハイジンが集まる,俳人
小６,班,ハンチョウになる,班長
小６,班,一ハンから五ハン,班
小６,班,ハングミを決める,班組
小６,晩,コンバンは冷える,今晩
小６,晩,バンゴハンを食べる,晩
小６,晩,バンネンを穏やかに過ごす,晩年
小６,否,事実をヒテイする,否定
小６,否,ゴウヒの発表,合否
小６,否,サンピリョウロン,賛否
小６,批,ヒハンを浴びる,批判
小６,批,ヒヒョウ家の意見,批評
小６,批,条約をヒジュンする,批准
小６,秘,ヒミツを守る,秘密
小６,秘,胸にヒめる,秘
小６,秘,シンピ的な森,神秘
小６,腹,リップクして帰る,立腹
小６,腹,ハラが立つ,腹
小６,腹,クウフクを満たす,空腹
小６,奮,コウフン冷めやらない,興奮
小６,奮,勇気をフルう,奮
小６,奮,フントウする,奮闘
小６,並,ヘイコウ線をたどる,平行
小６,並,列にナラぶ,並
小６,並,ヘイカして進める,並行
小６,陛,天皇ヘイカ,陛下
小６,陛,皇后ヘイカ,陛下
小６,陛,ヘイケンを賜る,陛見
小６,閉,お店がヘイテンする,閉店
小６,閉,本をトじる,閉
小６,閉,ヘイサ的な空間,閉鎖
小６,片,部屋をカタづける,片
小６,片,カタホウの靴,片方
小６,片,ガラスのハヘン,破片
小６,補,ホジョ輪を外す,補助
小６,補,欠点をオギナう,補
小６,補,コウホ者,候補
小６,暮,ユウグれ時,夕暮
小６,暮,一人クらし,暮
小６,暮,ボショクが迫る,暮色
小６,宝,ホウセキ箱,宝石
小６,宝,タカラモノを探す,宝物
小６,宝,コクホウの仏像,国宝
小６,訪,家庭ホウモン,訪問
小６,訪,友人をオトズれる,訪
小６,訪,ライホウ者,来訪
小６,亡,海外へボウメイする,亡命
小６,亡,国家のソンボウ,存亡
小６,亡,ナくなる,亡
小６,忘,ボウキャクの彼方,忘却
小６,忘,約束をワスれる,忘
小６,忘,ケンボウ症,健忘
小６,棒,ボウきれを拾う,棒
小６,棒,テツボウの練習,鉄棒
小６,棒,ドロボウを捕まえる,泥棒
小６,枚,マイスウを数える,枚数
小６,枚,一マイの紙,枚
小６,枚,マイキョにいとまがない,枚挙
小６,幕,大会のカイマク,開幕
小６,幕,江戸バクフ,幕府
小６,幕,マクアイの休憩,幕間
小６,密,ミッシュウ地帯,密集
小６,密,セイミツな検査,精密
小６,密,ヒミツの場所,秘密
小６,盟,メイユウの契り,盟友
小６,盟,ドウメイを結ぶ,同盟
小６,盟,カメイ国,加盟
小６,模,モヨウを描く,模様
小６,模,飛行機のモケイ,模型
小６,模,キボを拡大する,規模
小６,訳,ツウヤクの仕事,通訳
小６,訳,ワケを話す,訳
小６,訳,ホンヤク書を読む,翻訳
小６,郵,ユウビン局に行く,郵便
小６,郵,ユウソウで送る,郵送
小６,郵,ユウゼイを払う,郵税
小６,優,ユウシュウな成績,優秀
小６,優,ヤサしい言葉,優
小６,優,ジョユウになる,女優
小６,幼,ヨウジ向けの番組,幼児
小６,幼,オサナい頃,幼
小６,幼,ヨウチな考え,幼稚
小６,羊,ヨウモウのセーター,羊毛
小６,羊,ヒツジの群れ,羊
小６,羊,ボクヨウ地,牧羊
小６,欲,ヨクボウを満たす,欲望
小６,欲,水がホしい,欲
小６,欲,ゴウヨクな人,強欲
小６,翌,ヨクジツの朝,翌日
小６,翌,ヨクネンの春,翌年
小６,翌,ヨクチョウ早く起きる,翌朝
小６,乱,ランザツな部屋,乱雑
小６,乱,ペースをミダす,乱
小６,乱,コンランを避ける,混乱
小６,卵,ランオウと卵白,卵黄
小６,卵,タマゴ焼き,卵
小６,卵,サケのサンラン,産卵
小６,覧,カンラン車に乗る,観覧
小６,覧,テンラン会に行く,展覧
小６,覧,本をエツランする,閲覧
小６,裏,紙のリメン,裏面
小６,裏,ウラの畑,裏
小６,裏,ウラガエしに着る,裏返
小６,律,キリツ正しい生活,規律
小６,律,ホウリツを守る,法律
小６,律,インリツを踏む,韻律
小６,臨,リンジ休業,臨時
小６,臨,海をノゾむ部屋,臨
小６,臨,王がクンリンする,君臨
小６,朗,詩をロウドクする,朗読
小６,朗,ロウホウが届く,朗報
小６,朗,ホガらかな性格,朗
小６,論,ロンブンを書く,論文
小６,論,ケツロンを出す,結論
小６,論,ギロンを交わす,議論
