歴史or地理,分野,問題,解答
歴史,人類の出現と文明,石を打ち欠いて作った打製石器を使用し，狩りや採集を行い，移動しながら生活した時代を何というか。,旧石器時代
歴史,人類の出現と文明,四大文明とはエジプト文明，メソポタミア文明，中国文明と何文明か。,インダス文明
歴史,人類の出現と文明,紀元前221年，初めて中国を統一したのはだれか。,始皇帝
歴史,人類の出現と文明,7世紀にムハンマドが開いた宗教を何というか。,イスラム教
歴史,日本の成り立ち,日本で今から約1万年前から始まり，磨製石器や土器を使用して，狩りや漁といった採集生活を中心として生活していた時代を何というか。,縄文時代
歴史,日本の成り立ち,紀元前4世紀ごろから約600年間続いた，稲作を行い，薄手で固い土器を使用していた時代を何というか。,弥生時代
歴史,日本の成り立ち,3世紀に邪馬台国を治めた女王で，239年に魏に使いを送り金印などを贈られた人物はだれか。,卑弥呼
歴史,日本の成り立ち,5世紀ころには東北地方南部から九州地方までの豪族を従えた，大和を中心とした地域の豪族による連合政権を何というか。,大和政権
歴史,古代国家の形成,593年に摂政となり，十七条の憲法や冠位十二階を定めて，蘇我氏氏とともに天皇中心の国をつくろうとした人物はだれか。,聖徳太子
歴史,古代国家の形成,645年，中大兄皇子らが蘇我氏を倒して始めた政治改革を何というか。,大化の改新
歴史,古代国家の形成,戸籍にもとづいて， 6歳以上のすべての人に口分田をあたえ，その人が死ねぱ国に返させた制度を何というか。,班田収授法
歴史,古代国家の形成,天智天皇の死後，天皇の位をめぐり天皇の子と天皇の弟が争った戦いを何というか。,壬申の乱
歴史,古代国家の形成,701年，唐の律令にならって制定された法律を何というか。,大宝律令
歴史,古代国家の形成,710年，唐の都にならって，奈良につくられた新しい都を何というか。,平城京
歴史,古代国家の形成,743年，朝廷が出した，口分田の不足を補うため，開墾した七地を私有することを認めた法令を何というか。,墾田永年私財法
歴史,古代国家の歩み,794年，桓武天皇が政治の立て直しをはかって移した都を何というか。,平安京
歴史,古代国家の歩み,10世紀中ごろ，関東地方で反乱をおこした人物はだれか。,平将門
歴史,古代国家の歩み,1016年，摂政となり， 4人の娘を天皇のきさきとして政治の実権を握った人物はだれか。,藤原道長
歴史,古代国家の歩み,1086年，天皇の位を譲ったあと，院政を始めた人物はだれか。,白河上皇
歴史,古代国家の歩み,保元の乱・平治の乱に勝利し．武士として初めて太政大臣となって，政治の実権を握った人物はだれか。,平清盛
歴史,鎌倉幕府,1185年，源頼朝が朝廷から，地方の国ごとに設置することを認められた役職は何か。,守護
歴史,鎌倉幕府,1192年に源頼朝が就いた役職を何というか。,征夷大将軍
歴史,鎌倉幕府,政権を朝廷に取り戻そうとして承久の乱をおこしたが，幕府の大軍に敗れ，隠岐に流された上皇はだれか。,後烏羽上皇
歴史,鎌倉幕府,1232年，武家の慣習などをまとめて御成敗式目を定めた人物はだれか。,北条泰時
歴史,鎌倉幕府,1274年と1281年の2度にわたり， 日本に大軍を送ってきた元の皇帝はだれか,フビライ・ハン
歴史,鎌倉幕府,1297年，生活が苦しくなった御家人を救うため幕府が出した法令を何というか。,永仁の徳政令
歴史,室町幕府と戦国大名,鎌倉幕府が滅びたあと，天皇・公家中心の建武の新政を始めた人物はだれか。,後醍醐天皇
歴史,室町幕府と戦国大名,1338年，征夷大将軍となり室町幕府を開いた人物はだれか。,足利尊氏
歴史,室町幕府と戦国大名,14世紀後半，元に代わり漢民族が建国した国を何というか。,明
歴史,室町幕府と戦国大名,室町幕府の3代将軍で，倭寇の取り締まりを求めてきた中国と国交を回復し，勘合貿易を始めた人物はだれか。,足利義満
歴史,室町幕府と戦国大名,鎌倉，室町時代に，物資を馬にのせて運んだ運送業者を何というか。,馬借
歴史,室町幕府と戦国大名,1467年から京都を中心に11年間続いた戦乱を何というか。,応仁の乱
歴史,室町幕府と戦国大名,戦国時代に現れ，実力によって領国を支配した大名を何というか。,戦国大名
歴史,世界の動きと全国統一,11~13世紀にかけて，イスラム教徒から聖地エルサレムを取り戻すために派遣された遠征軍を何というか。,十字軍
歴史,世界の動きと全国統一,14世紀にヨーロソパでおこった，ギリシャやローマの文化を学び，人間性を重視する運動を何というか。,ルネサンス（文芸復興）
歴史,世界の動きと全国統一,1543年，種子島に漂着した中国船に乗っていたポルトガル人が日本に伝え，後の戦いに大きな影響をあたえた武器は何か。,鉄砲
歴史,世界の動きと全国統一,1549年に鹿児島に上陸してキリスト教を伝えたイエズス会の宣教師はだれか。,フランシスコ・ザビエル
歴史,世界の動きと全国統一,尾張出身の戦国大名で，安土城を築いて天下統一を進め，本能寺の変で家臣の明智光秀に攻められて自害した人物はだれか。,織田信長
歴史,世界の動きと全国統一,織田信長のあとをついで天下統一を進め，検地，刀狩などを行って身分制度のもとを固めた人物はだれか。,豊臣秀吉
歴史,世界の動きと全国統一,16世紀中ごろから行われた，ポルトガル人・スペイン人との貿易を何というか。,南蛮貿易
歴史,江戸幕府の成立と鎖国,関ケ原の戦いに勝利したあと， 1603年に征夷大将軍となって江戸に幕府を開いた人物はだれか。,徳川家康
歴史,江戸幕府の成立と鎖国,大名のうち，徳川氏の一門の大名を何というか。,親藩
歴史,江戸幕府の成立と鎖国,江戸幕府の3代将軍で，武家諸法度に参勤交代を制度化したり，鎖国を完成したりした人物はだれか。,徳川家光
歴史,江戸幕府の成立と鎖国,江戸幕府が禁教を徹底し，貿易を統制するために行った政策を何というか。,鎖国
歴史,江戸幕府の成立と鎖国,江戸時代，九州と朝鮮の問に位置し，朝鮮との貿易を独占した藩を何というか。,対馬藩
歴史,産業の発展,江戸時代，三都とよばれた都市は，江戸，大阪ともう1つはどこか。,京都
歴史,産業の発展,江戸幕府5代将軍で，生類憐みの令をだしたのはだれか。,徳川綱吉
歴史,産業の発展,江戸時代の中ごろからさかんに栽培されるようになった，売ることを目的につくられる作物を何というか。,商品作物
歴史,幕政の改革,江戸幕府8代将軍で，享保の改革を行った人物はだれか。,徳川吉宗
歴史,幕政の改革,老中として政治の実権を握り，株仲間．長崎貿易を奨励するなど積極的な経済政策を進めた人物はだれか。,田沼意次
歴史,幕政の改革,老中として寛政の改革を行った人物はだれか。,松平定信
歴史,幕政の改革,ききんにより生活が苦しくなった都市の住民が，米の安売りなどを求めて大商人などを襲ったことを何というか。,打ちこわし
歴史,幕政の改革,1825年，幕府が出した鎮国を守るための法令を何というか。,異国船（外国船）打払令
歴史,幕政の改革,1837年に反乱をおこしたもと大阪町奉行所の役人はだれか。,大塩平八郎
歴史,幕政の改革,1841年から天保の改革を行った老中はだれか。,水野忠邦
歴史,欧米の進出と日本の開国,1775年にイギリスとの間で独立戦争をはじめ， 1776年に独立宣言を発表した国はどこか。,アメリカ
歴史,欧米の進出と日本の開国,1840年，イギリスがアヘンの取り締まりを強化した清に対して，おこした戦争を何というか。,アヘン戦争
歴史,欧米の進出と日本の開国,1853年，神奈川の浦賀沖に来航し， 日本の開国を求め，翌年， 日米和親条約を結んだアメリカの軍人はだれか。,ペリー
歴史,欧米の進出と日本の開国,1858年，朝廷の許しを得ずに日米修好通商条約を締結し，桜田門外の変で暗殺された人物はだれか。,井伊直弼
歴史,欧米の進出と日本の開国,江戸幕府15代将軍で， 1867年に大政奉還を行った人物はだれか。,徳川慶喜
歴史,明治維新,1868年に明治新政府が新しい政府の方針を発表したものは何か。,五箇条の御誓文
歴史,明治維新,新政府が藩を廃止して府や県を置き、中央から府知事・県令を派遣して中央集権国家をつくろうとした政策を何というか。,廃藩置県
歴史,明治維新,新政府は財源を安定させるために、それまでの年貢をやめ、地価の3%を地租として現金で納めさせた。この政策を何というか。,地租改正
歴史,明治維新,1875年、ロシアとの間で結ばれた国境をめぐる条例を何というか。,樺太・千島交換条約
歴史,自由民権運動と帝国憲法,1874年、民選議員設立の建白書を発表したことから始まった、藩閥政治を批判して、憲法の制定と国会の解説を求めた運動を何というか。,自由民権運動
歴史,自由民権運動と帝国憲法,新政府の政策に不満を持った鹿児島の士族は、西郷隆盛を中心として兵をあげたが、政府の軍隊に敗れた。この戦いを何というか。,西南戦争
歴史,自由民権運動と帝国憲法,1881年の国会開設の勅諭をうけ、自由党を結成した人物はだれか。,板垣退助
歴史,自由民権運動と帝国憲法,1889年に発布された、天皇を主権者とする憲法はなにか。,大日本帝国憲法
歴史,日清・日露戦争と近代日本,1894年、日本と中国との間で始まった戦争を何というか。,日清戦争
歴史,日清・日露戦争と近代日本,1902年、ロシアの南下政策に対抗して、日本とイギリスが結んだ同盟を何というか。,日英同盟
歴史,日清・日露戦争と近代日本,1904年、日本とロシアの間で始まった戦争はなんというか。,日露戦争
歴史,日清・日露戦争と近代日本,孫文が中心となり、清朝を倒し中華民国を建国した革命を何というか。,辛亥革命
歴史,第一次世界大戦とアジア,ドイツを中心とする三国同盟と、イギリスを中心とする三国協商の対立から1914年に戦争はなにか。,第一次世界大戦
歴史,第一次世界大戦とアジア,第一次世界大戦の連合国とドイツの講和条約を何というか。,ベルサイユ条約
歴史,第一次世界大戦とアジア,1919年に中国で起こった、抗日・反帝国主義運動を何というか。,五・四運動
歴史,第一次世界大戦とアジア,1920年につくられた、世界で最初の国際平和組織をなんというか。,国際連盟
歴史,大正デモクラシーと大衆文化,民本主義を唱え、普通選挙による民意を反映した政党政治の確立を主張した人物はだれか。,吉野作造
歴史,大正デモクラシーと大衆文化,1918年、米価が急騰したため、富山県の主婦が米の安売りを要求したことがきっかけとなって起こった全国的な運動は何というか。,米騒動
歴史,大正デモクラシーと大衆文化,1918年、日本で最初の本格的な政党内閣をつくったのはだれか。,原敬
歴史,大正デモクラシーと大衆文化,1925年に普通選挙法と同時に制定された法律で、共産主義を取り締まることを目的とした法律は何か。,治安維持法
歴史,世界恐慌と日本の中国侵略,1929年、アメリカのニューヨークにある証券取引所でおきた株価の暴落がきっかけとなって発生した、世界的な経済混乱をなんというか。,世界恐慌
歴史,世界恐慌と日本の中国侵略,世界恐慌に対し、アメリカのルーズベルト大統領が行った政策を何というか。,ニューディール政策
歴史,世界恐慌と日本の中国侵略,1931年、奉天郊外の柳条湖での満州鉄道の線路爆破事件を中国軍のしわざだとして、関東軍が始めた戦争を何というか。,満州事変
歴史,世界恐慌と日本の中国侵略,海軍の青年将校らが犬養毅首相を暗殺した事件をなんというか。,五・一五事件
歴史,世界恐慌と日本の中国侵略,1937年、北京郊外の盧溝橋でおきた、日中両国軍の衝突からはじまった戦争はなにか。,日中戦争
歴史,第二次世界大戦,1939年、ドイツ軍がポーランドに進行して始まり、世界を巻き込んだ戦争をなんというか。,第二次世界大戦
歴史,第二次世界大戦,1940年に、日本がドイツ・イタリアと結んだ軍事同盟はなにか。,日独伊三国同盟
歴史,第二次世界大戦,1940年、12月8日、日本軍がハワイの真珠湾のアメリカ軍、マレー半島のイギリス軍を攻撃して始まった戦争を何というか。,太平洋戦争（アジア・太平洋戦争）
歴史,第二次世界大戦,日本の降伏条件を示した、アメリカ・イギリス・中国の名で出された宣言はなにか。,ポツダム宣言
歴史,第二次世界大戦,1945年8月6日、世界で最初に原子力爆弾を投下された都市はどこか。,広島
歴史,日本の民主化と国際社会への復帰,第二次世界大戦後に設立された国際平和機構をなんというか。,国際連合
歴史,日本の民主化と国際社会への復帰,戦後の民主化の１つで、企業集団を解体された政策をなんというか。,財閥解体
歴史,日本の民主化と国際社会への復帰,戦後の民主化の１つで、自作農を増やす政策を何というか。,農地改革
歴史,日本の民主化と国際社会への復帰,大日本帝国憲法にかわり、1946年11月3日に公布された憲法はなにか。,日本国憲法
歴史,日本の民主化と国際社会への復帰,1950年に北朝鮮の韓国への進行をきっかけに始まった戦争はなにか。,朝鮮戦争
歴史,日本の民主化と国際社会への復帰,1951年にアメリカなど48か国と結び、日本が独立を回復した条約はなにか。,サンフランシスコ平和条約
歴史,国際社会と日本,第二次世界大戦後のアメリカを中心とした西側の国々と、ソ連を中心とした東側の国々の緊張した関係を何というか。,冷戦
歴史,国際社会と日本,1950年代半ばから1970年代初めにかけて続いた、世界に例を見ない日本の経済発展を何というか。,高度経済成長
歴史,国際社会と日本,日本は中国との間で日中共同声明を発表して国交を回復した。その後、1978年に中国と結んだ条約を何というか。,日中平和友好条約
歴史,国際社会と日本,1973年、第四次中東戦争をきっかけとしておこった、世界的な経済混乱を何というか。,石油危機（オイルショック）
歴史,人類の出現と文明,旧石器時代の人々が使用した，石を打ち欠いただけの石器を何というか。,打製石器
歴史,人類の出現と文明,メソポタミア文明は，チグリス川と何という川の流域で栄えたか。,ユーフラテス川
歴史,人類の出現と文明,紀元前221年，中国を統一した王朝を何というか。,秦
歴史,人類の出現と文明,インドで仏教を開いた人物はだれか。,シャカ
歴史,日本の成り立ち,日本で人々が狩りや漁を中心として生活していた時代，厚手で縄目の文様がある土器が使用された。この土器を何というか。,縄文土器
歴史,日本の成り立ち,西日本から米作りが始まったころ，人々は薄手で固い土器を作るようになった。この土器を何というか。,弥生土器
歴史,日本の成り立ち,3世紀の中国の歴史書には，倭で卑弥呼とよばれる女王が30余りの国を従えていたことが記されている。卑弥呼が治めた国を書け。,邪馬台国
歴史,日本の成り立ち,3世紀後半から，大和地方を中心につくられた大規模な古墳のうち，大仙古墳のような円形と方形を組み合わせた古墳を何とよんでいるか。,前方後円墳
歴史,古代国家の形成,聖徳太子が役人の心得を示すために制定したものは何か。,十七条の憲法
歴史,古代国家の形成,中大兄皇子とともに大化の改新の中心となり，後の藤原氏の祖先となった人物はだれか。,中臣鎌足
歴史,古代国家の形成,班田収授法にもとづいて、人々に与えられた田を何というか。,口分田
歴史,古代国家の形成,壬申の乱に勝利して即位し、天皇中心の国家づくりを進めた天皇はだれか。,天武天皇
歴史,古代国家の形成,701年，大宝律令が制定された。律令にもとづいて政治を行う国家を何というか。,律令国家
歴史,古代国家の形成,平城京は唐の都を参考にしてつくられた。当時，人口が100万人をこえていた唐の都を何というか。,長安
歴史,古代国家の形成,墾田永年私財法により開墾された私有地は，のちに何とよばれるようになったか。,荘園
歴史,古代国家の形成,784年に平城京から長岡京、794年に長岡京から平安京に都を移した天皇はだれか。,桓武天皇
歴史,古代国家の歩み,10世紀中ごろ，瀬戸内で反乱をおこした元国司はだれか。,藤原純友
歴史,古代国家の歩み,藤原氏が行った，摂政や関白となって実権を握った政治を何というか。,摂関政治
歴史,古代国家の歩み,白河天皇が上皇となって行った政治を何というか。,院政
歴史,古代国家の歩み,平清盛が武士として初めて就いた朝廷の役職を何というか。,太政大臣
歴史,鎌倉幕府,1185年，源頼朝が公領，荘園ごとに設置した役職を何というか。,地頭
歴史,鎌倉幕府,鎌倉幕府の将軍と主従関係を結んだ武士を何というか。,御家人
歴史,鎌倉幕府,源氏の将軍が3代で絶えたのをきっかけとして後鳥羽上皇が兵をあげたが，幕府の大軍に敗れた事件を何というか。,承久の乱
歴史,鎌倉幕府,1232年，執権北条泰時が裁判の基準を御家人に示すためにまとめた法律を何というか。,御成敗式目（貞永式目)
歴史,鎌倉幕府,元の皇帝フビライ・ハンが， 1274年と1281年の2度にわたり大軍を派遣して，北九州に攻めてきたことを何というか。,元寇
歴史,鎌倉幕府,鎌倉中期以降幕府や荘園領主に反抗した武士の集団を何というか。,悪党
歴史,室町幕府と戦国大名,鎌倉幕府が滅びたあと，後醍醐天皇がはじめた天皇・公家中心の政治を何というか。,建武の新政
歴史,室町幕府と戦国大名,1338年，足利尊氏が京都に開いた幕府を何というか。,室町幕府
歴史,室町幕府と戦国大名,14世紀後半，モンゴル民族が建てた元にかわり明を建国した民族は何か。,漢民族
歴史,室町幕府と戦国大名,足利義満は，明の要求に応じて倭寇を取り締まり，貿易を始めた。この貿易の際使用された合い札を何というか。,勘合
歴史,室町幕府と戦国大名,鎌倉・室町時代に，港や川などで物資を輸送していた運送業者を何というか。,問丸（問）
歴史,室町幕府と戦国大名,1467年から11年間も続いた応仁の乱の舞台となった都市はどこか。,京都
歴史,室町幕府と戦国大名,下の者が実力で上の身分の者にうち勝つことを何というか。,下剋上
歴史,世界の動きと全国統一,十字軍が派遣される名目となった，キリスト教の聖地はどこか。,エルサレム
歴史,世界の動きと全国統一,14世紀にヨーロッパで始まったルネサンスは，古代ギリシャやどこの文化を学ぽうとしたのか。,ローマ
歴史,世界の動きと全国統一,1543年に種子島に上陸して鉄砲を日本に伝えたのは，どこの国の人か。,ポルトガル
歴史,世界の動きと全国統一,イエズス会の会員であったフランシスコ・ザビエルが，鹿児島に上陸して日本に伝えた宗教は何か。,キリスト教
歴史,世界の動きと全国統一,織田信長が安土城下で行った、市場の税を免除し商工業の発展をはかった政策を何というか。,楽市・楽座
歴史,世界の動きと全国統一,豊臣秀吉が単位を統一して全国的に行った，土地の面積や良し悪し，収穫高などを調べた政策を何というか。,太閤検地
歴史,世界の動きと全国統一,スペイン人やポルトガル人がもたらした，ヨーロッパの学問・技術などを何というか。,南蛮文化
歴史,江戸幕府の成立と鎖国,徳川家康が， 1600年に石田三成らの西軍を破った戦いを何というか。,関ヶ原の戦い
歴史,江戸幕府の成立と鎖国,大名のうち，関ケ原の戦い前後に徳川氏に従った大名を何というか。,外様大名
歴史,江戸幕府の成立と鎖国,徳川家光が武家諸法度に制度化した，大名が1年ごとに領地と江戸を往復することを何というか。,参勤交代
歴史,江戸幕府の成立と鎖国,鎖国下で，オランダ商館が置かれた，長崎湾内の人工島を何というか。,出島
歴史,江戸幕府の成立と鎖国,江戸時代，朝鮮から訪れた使節を何というか。,朝鮮通信使
歴史,産業の発展,江戸時代，商業の中心であった大阪は何とよばれたか。,天下の台所
歴史,産業の発展,徳川家宜・家継のとき政治の中心となり，改革を行った人物はだれか。,新井白石
歴史,産業の発展,江戸時代，新しく田畑を開発することを何というか。,新田開発
歴史,幕政の改革,徳川吉宗が行った，上げ米の制を定めたり， 目安箱を設置させるなどした政治改革を何というか。,享保の改革
歴史,幕政の改革,田沼意次が結成することを奨励した，商工業者の同業者組合を何とい,株仲間
歴史,幕政の改革,田沼意次のあとに老中となった松平定信が行った政治改革を何というか。,寛政の改革
歴史,幕政の改革,ききんなどの発生により生活が苦しくなった農村で，百姓たちが団結して年貢の軽減などを求めた運動を何というか。,百姓一揆
歴史,幕政の改革,1825年に出された異国船打払令は，幕府が外国に対してとってきたどのような政策を堅持するためのものか。,鎖国
歴史,幕政の改革,大塩平八郎が反乱をおこすきっかけとなったききんを何というか。,天保のききん
歴史,幕政の改革,物価を引き下げるために株仲間の解散などを行った，水野忠邦の政治改革を何というか。,天保の改革
歴史,欧米の進出と日本の開国,イギリスからの独立を求めて独立戦争をはじめたアメリカが， 1776年に出した宣言を何というか。,独立宣言
歴史,欧米の進出と日本の開国,アヘン戦争の講和条約を何というか。,南京条約
歴史,欧米の進出と日本の開国,アメリカの使節ペリーが， 1854年に日本との間で結んだ条約を何というか。,日米和親条約
歴史,欧米の進出と日本の開国,1858年，大老井伊直弼が朝廷の許可を得ないままアメリカと結んだ，相手国に領事裁判権を認め、日本に関税自主権のない条約を何というか。,日米修好通商条約
歴史,欧米の進出と日本の開国,1867年，江戸幕府15代将軍徳川慶喜が，政権を朝廷に返還したことを何というか。,大政奉還
歴史,明治維新,明治新政府が行った、一連のさまざまな改革を何というか。,明治維新
歴史,明治維新,新政府が大名の土地と人民の支配権を朝廷に変えさせる形で中央集権をはかった政策を何というか。,版籍奉還
歴史,明治維新,地租改正で土地の所有者に発行された、土地の面積、地価などが記載されたものをなんというか。,地券
歴史,明治維新,1871年、日本と清との間に結ばれた対等な条約を何というか。,日清修好条規
歴史,自由民権運動と帝国憲法,自由民権運動のきっかけとなった、1874年に出された建白書をなんというか。,民撰議院設立の建白書
歴史,自由民権運動と帝国憲法,討幕運動の指導者として活躍したが、政府から離れ、西南戦争の中心となった薩摩藩出身の人物は誰か。,西郷隆盛
歴史,自由民権運動と帝国憲法,1881年、政府は10年後に国会を開くことを約束した。これを受けて、板垣退助らが結成した政党を何というか。,自由党
歴史,自由民権運動と帝国憲法,大日本帝国憲法制定の中心人物で、初代の内閣総理大臣となったのはだれか。,伊藤博文
歴史,日清・日露戦争と近代日本,1895年に結ばれた、日清戦争の講和条約はなにか。,下関条約
歴史,日清・日露戦争と近代日本,日英同盟は何という国の南下政策に対抗して結ばれたものか。,ロシア
歴史,日清・日露戦争と近代日本,1905年に結ばれた、日露戦争の講和条約は何か。,ポーツマス条約
歴史,日清・日露戦争と近代日本,三民主義を唱え、辛亥革命の中心となった人物は誰か。,孫文
歴史,第一次世界大戦とアジア,第一次世界大戦のきっかけとなった、オーストリア皇太子夫妻が暗殺された事件を何というか。,サラエボ事件
歴史,第一次世界大戦とアジア,第一次世界大戦の講和会議を何というか。,パリ講和会議
歴史,第一次世界大戦とアジア,1919年に朝鮮でおこった、独立を求める運動を何というか。,三・一独立運動
歴史,第一次世界大戦とアジア,国際連盟の設立を提唱したアメリカ合衆国大統領はだれか。,ウィルソン
歴史,大正デモクラシーと大衆文化,吉野作造が主張した、普通選挙による民意を政治に反映される考えを何というか。,民本主義
歴史,大正デモクラシーと大衆文化,1917年におきたロシア革命に対して、日本・アメリカなどが軍隊を派遣したことを何というか。,シベリア出兵
歴史,大正デモクラシーと大衆文化,原敬が、陸軍・海軍・外務大臣の閣僚をすべて立憲政友会の党員で組織した内閣を何というか。,政党内閣
歴史,大正デモクラシーと大衆文化,1925年、25歳以上の男子すべてに選挙権を与えた法律をなんというか。,普通選挙法
歴史,世界恐慌と日本の中国侵略,1929年に始まった世界恐慌の原因となった株価の暴落が起こった株式市場のある都市は何というか。,ニューヨーク
歴史,世界恐慌と日本の中国侵略,世界恐慌に対し、イギリス・フランスがとった政策を何というか。,ブロック経済
歴史,世界恐慌と日本の中国侵略,1931年に始まった満州事変は、関東軍が何という鉄道の路線を爆破したことがきっかけとなったのか。,南満州鉄道
歴史,世界恐慌と日本の中国侵略,五・一五事件の4年後、陸軍の青年将校らが軍隊を率いて、有力な政治家を暗殺し、東京の一部を占拠した事件をなんというか。,二・二六事件
歴史,世界恐慌と日本の中国侵略,日中戦争がはじまるきっかけとなる事件がおきた虚構橋は何という都市の郊外に位置しているか。,北京
歴史,第二次世界大戦,第二次世界大戦は、ドイツがどこの国に侵攻したことからはじまったのか。,ポーランド
歴史,第二次世界大戦,1940年に日本は三国同盟を結んだ。この三国とは、日本、ドイツともう１か国はどこか。,イタリア
歴史,第二次世界大戦,太平洋戦争は、日本軍がイギリス軍とどこの国の軍隊を攻撃したことからはじまったのか。,アメリカ
歴史,第二次世界大戦,ポツダム宣言は、連合国のうち3か国の名で発表された。アメリカ、イギリスともう1か国はどこか。,中国
歴史,第二次世界大戦,1945年8月9日に原子爆弾を投下された都市はどこか。,長崎
歴史,日本の民主化と国際社会への復帰,1945年に発足した国際連合の本部がある都市はどこか。,ニューヨーク
歴史,日本の民主化と国際社会への復帰,戦後の教育の民主化にともない1947年に制定された、民主主義の教育の基本を示した法律をなんというか。,教育基本法
歴史,日本の民主化と国際社会への復帰,1947年に制定された、労働条件の最低基準を示した法律はなにか。,労働基準法
歴史,日本の民主化と国際社会への復帰,日本国憲法が施行された年月日を書け,1947年5月3日
歴史,日本の民主化と国際社会への復帰,朝鮮戦争で大韓民国を支援した国連軍の中心となったのはどこの国の軍隊か。,アメリカ
歴史,日本の民主化と国際社会への復帰,1951年にアメリカとの間に結ばれた、日本の安全と東アジアの平和を守るという理由でアメリカ軍の駐留などを認めた条約をなんというか。,日米安全保障条約
歴史,国際社会と日本,冷戦の象徴とされたが、1989年に崩壊した壁をなんというか。,ベルリンの壁
歴史,国際社会と日本,高度経済成長期中に各地で発生した、企業活動を原因とする水質汚濁、大気汚染などの問題を何というか。,公害
歴史,国際社会と日本,1972年、日本が中国との間で発表し国交を正常化した声明はなにか。,日中共同声明
歴史,国際社会と日本,1973年の石油危機は何をきっかけとして発生したか。,（第四次）中東戦争
歴史,人類の出現と文明,20万年ほど前にあらわれた現在の人類の直接の祖先を何というか。,新人（ホモ・サピエンス）
歴史,人類の出現と文明,紀元前8世紀ごろからギリシャで形成された都市国家を何というか。,ポリス
歴史,人類の出現と文明,現在確認されている中国で最も古い王朝を何というか。,殷
歴史,人類の出現と文明,漢が交易で使用した，中央アジアなどを通る古代の東西の路を何というか。,シルクロード（絹の道）
歴史,日本の成り立ち,縄文時代の人々が住んでいた，地面に掘った穴の上に屋根をかけた住居を何というか。,たて穴住居
歴史,日本の成り立ち,縄文時代の人々が，食べ物ののこりかすなどを捨てたところを何というか。,貝塚
歴史,日本の成り立ち,紀元前4世紀ごろ，大陸から稲作と金属器が伝えられたが， この時に伝えられた金属器には鉄器のほかに何があるか。,青銅器
歴史,日本の成り立ち,佐賀県にある弥生時代の大規模な集落の遺跡を何というか。,吉野ヶ里遺跡
歴史,日本の成り立ち,大和政権は5世紀ころには東北地方南部から九州地方までを従えるようになった。このころの大和政権の王は何とよばれていたか。,大王
歴史,日本の成り立ち,古墳の上や周りに置かれた，人物や動物などをかたどったり円筒形をした土器を何というか。,はにわ
歴史,日本の成り立ち,古墳時代には中国や朝鮮から日本に移り住む人々が増え，多くの文化や技術を伝えた。この人々を何とよんでいるか。,渡来人
歴史,日本の成り立ち,6世紀に日本に正式に仏教を伝えた，朝鮮半島にあった国はどこか。,百済
歴史,古代国家の形成,聖徳太子が家柄に関係なく，有能な人材を役人に登用しようとして定めた制度を何というか。,冠位十二階
歴史,古代国家の形成,大化の改新では，それまで天皇や豪族が私有していた土地や人民を国が直接支配するようにした。この政策を何というか。,公地・公民
歴史,古代国家の形成,九州北部の防備のために置かれた兵士を何というか。,防人
歴史,古代国家の形成,仏教の力で国家を守ろうとして，国ごとに国分寺・国分尼寺の建立を命じた天皇はだれか。,聖武天皇
歴史,古代国家の歩み,桓武天皇が東北地方の支配を広げるため，征夷大将軍に任じた人物はだれか。,坂上田村麻呂
歴史,古代国家の歩み,唐から帰国後高野山に金剛峯寺を建て，真言宗を広めたのはだれか。,空海
歴史,古代国家の歩み,唐が滅びた後中国を統一した王朝を何というか。,宋
歴史,古代国家の歩み,念仏を唱えて阿弥陀仏にすがり，死後に極楽浄土に生まれ変わることを願う信仰を何というか。,浄土信仰
歴史,鎌倉幕府,1185年，平氏が滅亡した戦いを何というか。,壇ノ浦の戦い
歴史,鎌倉幕府,鎌倉時代将軍が御家人の領地を保護し新たに手柄があった場合に新い領地を与えることを御恩という。これに対して，御家人が将軍に忠誠を誓い，戦乱がおこった時に将軍のために戦うことを何というか。,奉公
歴史,鎌倉幕府,承久の乱後幕府が朝廷の監視や西国武士を支配するために京都に設置した役所を何というか。,六波羅探題
歴史,鎌倉幕府,鎌倉時代，北条氏が将軍に代わって行った政治を何というか。,執権政治
歴史,鎌倉幕府,13世紀初めにモンゴル民族を統一したのはだれか。,チンギス・ハン
歴史,鎌倉幕府,鎌倉時代に広まった，同じ土地で米の裏作に麦をつくることを何というか。,二毛作
歴史,鎌倉幕府,寺社の門前や交通の要地で決まった日に開かれた市を何というか。,定期市
歴史,室町幕府と戦国大名,建武の新政が2年余りで失敗した後、朝廷が2つに分かれ60年余り続いた戦乱を何というか。,南北朝の動乱
歴史,室町幕府と戦国大名,室町時代に商工業者が結成した同業者組合を何というか。,座
歴史,室町幕府と戦国大名,鎌倉時代の終わりごろから，朝鮮や中国の沿岸をおそった海賊を何というか。,倭寇
歴史,室町幕府と戦国大名,室町時代，農民が荘園領主や守護大名に対して，年貢の軽減を求めたり，幕府に対して徳政令を求めておこした反抗を何というか。,土一揆
歴史,室町幕府と戦国大名,室町時代に農村にできた自治的な組織を何というか。,惣（惣村）
歴史,室町幕府と戦国大名,戦国大名が領国を支配するために定めた法を何というか。,分国法（家法）
歴史,世界の動きと全国統一,カトリック教会の姿勢を批判して， 1517年にドイツで宗教改革を始めたのはだれか。,ルター
歴史,世界の動きと全国統一,1543年，鉄砲を伝えたポルトガル人を乗せた船が漂着した島はどこか。,種子島
歴史,世界の動きと全国統一,フランシスコ・ザビエルは，宗教改革に対抗してカトリック側が組織した団体の設立者の一人であった。何という団体か。,イエズス会
歴史,世界の動きと全国統一,祇園祭を復活した，京都の裕福な商工業者を何というか。,町衆
歴史,世界の動きと全国統一,織田信長と徳川家康の連合軍が3000丁の鉄砲を使って，武田氏の騎馬隊を破った戦いを何というか。,長篠の戦い
歴史,世界の動きと全国統一,織田信長のあとをついで天下を統一した豊臣秀吉が，農民の反抗を抑えるために行った政策を何というか。,刀狩令
歴史,世界の動きと全国統一,豊臣秀吉が行った，武士と農民の区別をはっきりさせたことを何というか。,兵農分離
歴史,江戸幕府の成立と鎖国,江戸時代，幕府と藩が全国の土地と人民を支配した体制を何というか。,幕藩体制
歴史,江戸幕府の成立と鎖国,徳川家康が，貿易許可証を発行して奨励した貿易を何というか。,朱印船貿易
歴史,江戸幕府の成立と鎖国,関ヶ原の戦い以前から徳川家に従っていた大名を何というか。,譜代大名
歴史,江戸幕府の成立と鎖国,637年，重税と厳しい禁教政策に反抗した農民一揆が九州地方の天草地方を中心におきた。天草四郎が頭となったこの一揆を何というか。,島原・天草一揆
歴史,江戸幕府の成立と鎖国,年貢を確実に取り立てるため， 5～ 6戸を基準として百姓たちに組織させ，共同責任を負わせた制度を何というか。,五人組
歴史,産業の発展,江戸時代に三都を中心に発達した，金銀の交換などを行う，今日の銀行のような業務を行った商人を何というか。,両替商
歴史,産業の発展,江戸時代の主要な五つの陸上交通路をまとめて何というか。,五街道
歴史,産業の発展,諸藩が米や特産品の販売などを日的に設けた蔵を何というか。,蔵屋敷
歴史,幕政の改革, 作業場に労働者を集め，分業によって生産を行うことを何というか。,工場制手工業（マニュファクチュア）
歴史,幕政の改革,徳川吉宗は財政不足を補うために参勤交代を緩めるかわりに大名に対して米を上納させた。この政策を何というか。,上げ米の制
歴史,幕政の改革,田沼意次が政治の実権を握っていたころ，東北地方を中心に大規模な大規模なききんが発生した。このききんを何というか,天明のききん
歴史,幕政の改革,江戸時代に諸藩が設けた教育施設を何というか。,藩校
歴史,幕政の改革,蘭学者らの鎖国政策への批判に対し，幕府が行った蛮社の獄で処罰されたのは，高野長英のほかにだれがいるか。,渡辺崋山
歴史,欧米の進出と日本の開国,18世紀後半にイギリスから始まった，蒸気機関の使用にともなう生産・社会の変革を何というか。,産業革命
歴史,欧米の進出と日本の開国,1789年に起きたフランス革命の際出された宜言を何というか。,人権宣言
歴史,欧米の進出と日本の開国,日米和親条約により開港した港は，函館のほかにどこがあるか。,下田
歴史,欧米の進出と日本の開国,日米修好通商条約が， 日本にとり不利な不平等条約であったのは，領事裁判権を認めたことと， 日本に何がなかったことか。,関税自主権
歴史,欧米の進出と日本の開国,薩長同盟の仲立ちをした土佐藩出身の人物はだれか。,坂本龍馬
歴史,欧米の進出と日本の開国,徳川慶喜が大政奉還を行った直後朝廷が政治を天皇中心に戻すことを宣言したが， この宣言を何というか。,王政復古の大号令
歴史,欧米の進出と日本の開国,1868年からはじまった，新政府軍と旧幕府軍の一連の戦いを何というか。,戊辰戦争
歴史,明治維新,明治政府の、経済を発展させ軍隊を強化するための政策をなんというか。,富国強兵
歴史,明治維新,官営模範工場をつくるなどの、明治政府の近代産業育成政策をなんというか。,殖産興業
歴史,明治維新,1872年、群馬県富岡につくられた官営模範工場を何というか。,富岡製糸場
歴史,明治維新,1879年、軍隊を送って琉球藩を廃止し、人々の反対を押さえつけて沖縄県を設置したことを何というか。,琉球処分
歴史,自由民権運動と帝国憲法,自由民権運動を進め、国会の解説が始まると立憲改進党を中心となって結成した人物は誰か。,大隈重信
歴史,自由民権運動と帝国憲法,1884年、埼玉県の農民らが困民党を結成し、借金の帳消しなどを求めて郡役所を襲ったが、軍隊などに鎮圧された事件を何というか。,秩父事件
歴史,自由民権運動と帝国憲法,大日本帝国憲法は天皇中心の中央集権国家をつくるため、君主制の強いある国の憲法を参考にして考えられた。ある国とはどこか。,プロイセン（ドイツ）
歴史,日清・日露戦争と近代日本,ロシア・ドイツ・フランスが、日本に対して遼東半島の清への変換を要求し、日本がこれを受け入れたことを何というか。,三国干渉
歴史,日清・日露戦争と近代日本,1900年、中国で起こった外国人を退けようとする運動を何というか。,義和団事件
歴史,日清・日露戦争と近代日本,足尾銅山の鉱毒被害を天皇に直訴しようとしたのは誰か。,田中正造
歴史,日清・日露戦争と近代日本,日清戦争の賠償金の一部などでつくられた官営の製鉄所を何というか。,八幡製鉄所
歴史,第一次世界大戦とアジア,1915年、日本が中国に対してつきつけた、山東省にあるドイツの権益の引継ぎ、南満州鉄道の利権の期限の延長などの要求を何というか。,二十一か条の要求
歴史,第一次世界大戦とアジア,アメリカ合衆国ウィルソンが唱えた、民族の帰属は、その民族自身の遺志により、決定することができるとした権利は何というか。,民族自決
歴史,第一次世界大戦とアジア,1917年、レーニンの指導によりロシアで起こった革命を何というか。,ロシア革命
歴史,第一次世界大戦とアジア,1921年～22年、アメリカの提唱で開かれた軍縮や中国・太平洋問題を話し合った会議を何というか。,ワシントン会議
歴史,第一次世界大戦とアジア,第一次世界大戦中に発展し、日本の経済を支配した企業グループを何というか。,財閥
歴史,第一次世界大戦とアジア,インドで非暴力・不服従を唱えて、反英運動を指導した人物は誰か。,ガンディー
歴史,大正デモクラシーと大衆文化,大正時代にさかんになった民主主義を求める風潮と運動を何というか。,大正デモクラシー
歴史,大正デモクラシーと大衆文化,青鞜者・新婦人協会を設立した女性運動家はだれか。,平塚らいてう
歴史,大正デモクラシーと大衆文化,1922年、差別部落の人々が結成した組織を何というか。,全国水平社
歴史,世界恐慌と日本の中国侵略,世界恐慌時、5か年計画を推進し、農業の集団化や工業の重工業化を進め、恐慌の影響を受けなかった国はどこか。,ソ連
歴史,世界恐慌と日本の中国侵略,1931年の満州事変の後、満州の主要部を占領した日本軍が、清朝最後の皇帝溥儀を元首として建てた国を何というか。,満州国
歴史,世界恐慌と日本の中国侵略,ドイツで1933年に政権を握ったナチスを率いた人物は誰か。,ヒトラー
歴史,世界恐慌と日本の中国侵略,日中戦争がはじまると、中国において対立していた国民政府と共産党が日本に対して徹底抗戦するために結成したものは何か。,抗日民族統一戦線
歴史,世界恐慌と日本の中国侵略,1938年、戦争を遂行するため、議会の承認なしに政府が資源や労働力を動員できるように定めた法律は何か。,国家総動員法
歴史,世界恐慌と日本の中国侵略,1940年、戦争に協力するため、政党や政治団体が解散して結成した組織は何というか。,大政翼賛会
歴史,第二次世界大戦,日本が三国同盟を結んだ、ドイツやイタリアで行われた、軍国主義的な独裁政治を何というか。,ファシズム
歴史,第二次世界大戦,1941年、日本が北方の安全を確保するためにソ連と結んだ条約はなにか。,日ソ中立条約
歴史,第二次世界大戦,太平洋戦争中、空襲を避けるため都市の小学生たちを集団で農村に移した政策をなんというか。,学童疎開（集団疎開）
歴史,第二次世界大戦,太平洋戦争において、本土で唯一戦場となり、一般住民に多くの犠牲者が出た県はどこか。,沖縄県
歴史,日本の民主化と国際社会への復帰,第二次世界大戦後、日本の非軍事化・さまざまな分野での民主化政策を進めた、連合軍最高司令官総司令部の略称をなんというか。,GHQ
歴史,日本の民主化と国際社会への復帰,第二次世界大戦後朝鮮半島はある線を境として北側はソ連軍、南側はアメリカ群が分割占拠した。ある線とは北緯何度の緯線か。,北緯38度
歴史,日本の民主化と国際社会への復帰,1950年におこった朝鮮戦争の時、日本はアメリカ軍がは中下軍需用物資により好景気となった。この好景気を何とよんでいるか。,特需景気
歴史,日本の民主化と国際社会への復帰,朝鮮戦争中に創設され、後の自衛隊のもととなった組織はなにか。,警察予備隊
歴史,国際社会と日本,1955年、インドネシアのバンドンで開かれた会議を何というか。,アジア・アフリカ会議
歴史,国際社会と日本,1956年に調印した、日本とソ連との国交回復の宣言をなんというか。,日ソ共同宣言
歴史,国際社会と日本,1965年に大韓民国と締結した条約を何というか。,日韓基本条約
歴史,国際社会と日本,国連が行う平和維持活動の略称をなんというか。,PKO
歴史,国際社会と日本,1980年代後半から1990年代初めにかけての、実態をともなわない地価・株価の上昇を何というか。,バブル経済
歴史,国際社会と日本,2011年に発生した大地震にともなう災害を何というか。,東日本大震災
地理,世界地理,三大洋の中で最も広い海洋を何というか。,太平洋
地理,世界地理,六大陸の中で最も面積が大きく，束にアジア州，西にヨーロッパ州がある大陸を何というか。,ユーラシア大陸
地理,世界地理,緯度の基準となる0度の綽線を何というか。,赤道
地理,世界地理,イギリスのロンドンを通る経度0度の経線を何というか。,本初子午線
地理,世界地理,地球をそのまま縮小した校型で，形，面積，方位，距離，角度のすべてをほぼ正確に表しているものは何か。,地球儀
地理,世界地理,世界を6つの州に分けたとき，アジア州．ヨーロッパ州．アフリカ州，北アメリカ州，南アメリカ州ともう1つは何州か。,オセアニア州
地理,世界地理,アジア州とヨーロッパ州にまたがる面積が最も大きい国はどこか。,ロシア（連邦）
地理,世界地理,約14 億人の人口をもつ，束アジアに位四する国はどこか。,中国（中華人民共和国）
地理,世界地理,国土が全く海に面していない，モンゴル，スイスなどの国を何というか。,内陸国
地理,世界地理,太平洋の周りを取り囲むように述なる造山帯を何というか。,環太平洋造山帯
地理,世界地理,アフリカ大陸を流れる世界で最も長い河川を何というか,ナイル川
地理,世界地理,国の領域は領土・領海ともう1つは何か。,領空
地理,世界地理,日本が標準時子午線としているのは． 束経何度の経線か。,１３５度
地理,世界地理,日本を7つの地方に区分すると．北海道、東北、関束、 中部、中国・四国、九州地方ともう1つは何地方に分けられるか,近畿地方
地理,世界地理,赤道を中心に広がる、 1年を通して気温が高い気候帯を何というか。,熱帯
地理,世界地理,温帯を大きく3つに分けると．温暖湿潤気候．西岸海洋性気候ともう1つは何気候か,地中海性気候
地理,世界地理,1年を通して降水址が少ない気候帯を何というか。,乾燥帯
地理,世界地理,欧米などで主食とされている穀物は何か。,小麦
地理,世界地理,ムハンマドが開いた世界三大宗教の1つは何か。,イスラム教
地理,世界地理,インドの人々の多くが信仰している宗教は何か,ヒンドゥー教
地理,世界地理,東・東南アジアの気候に大きな影評を与えている，季節によって風向きの異なる風を何というか。,モンスーン（季節風）
地理,世界地理,中国の人口の約9割を占める民族は何か。,漢民族（漢族）
地理,世界地理,ペルシャ湾沿岸で多く産出する鉱産資源は何か,原油（石油）
地理,世界地理,東南アジア10か国が政治・経済• 安全保障などで協力するために結成した組織を何というか。,ASEAN(東南アジア諸国連合）
地理,世界地理,ヨーロッパ北西部の気候に大きな影評を与える暖流を何というか。,北大西洋海流
地理,世界地理,穀物栽培と家畜の飼背を組み合わせた農業を何というか。,混合農業
地理,世界地理,ヨーロッパ諸国が政治・経済的な結びつきを深めるため結成した組織を何というか,EU(ヨーロッパ連合）
地理,世界地理,西ヨーロッパ最大の艮業国で．発霞の多くを原子力に頻っている国名を書け。,フランス
地理,世界地理,ヨーロッパ最大の工業国で．世界有数の貿易国でもある国名を書け。,ドイツ
地理,世界地理,マンガンやクロムなど埋蔵量や産出量が少ない金属資源を何というか,レアメタル（希少金属）
地理,世界地理,"アフリカでもっとも工業化が進み．かつてはヨーロッパ系の支配者に,よる人種隔離政策をとっていた国はどこか。",南アフリカ共和国
地理,世界地理,アメリカ合衆国東部の．炭田が多いなだらかな山地を何というか。,アパラチア山脈
地理,世界地理,アメリカ合衆国で急増している．スペイン語を話す中・南アメリカからの移住者を何というか,ヒスパニック
地理,世界地理,それぞれの地域の気候や土壌に合わせて行う農業を何というか,適地適作
地理,世界地理,サンノゼ近郊に位置する．電子工業が集中している地域を何というか。,シリコンバレー
地理,世界地理,カナダの開拓の中心となったのは．イギリスとどこの国の人々か,フランス
地理,世界地理,13 ~ 16 世紀に． アンデスで高度な文明をもっていた国を何というか。,インカ帝国
地理,世界地理,ブラジルのアマゾン川流域に広がる熱帯雨林を何というか,セルバ
地理,世界地理,オセアニアを大きく3つに分けると，ポリネシア・メラネシアともう1つは何か,ミクロネシア
地理,世界地理,オーストラリアの先住民を何というか,アボリジニ
地理,人々の生活と環,気温が0℃以下の期間が長く，一年の大半が雪と氷におおわれる気候帯を何というか。,寒帯
地理,人々の生活と環,冬はー30℃以下，夏は30℃近くになる地域もある，一年の気温差が大きい気候帯を何というか,冷帯（亜寒帯）
地理,人々の生活と環,冷帯（亜寒帯）に広がる針葉樹林帯を何というか。,タイガ
地理,人々の生活と環,温和な気温で適度な降水量のある気候帯を何というか。,温帯
地理,人々の生活と環,砂漠などが広がる，降水量がきわめて少ない気候帯を何というか。,乾燥帯
地理,人々の生活と環,一年を通して気温が高く．降水量も多い気候帯を何というか。,熱帯
地理,人々の生活と環,三大宗教とよばれるのは．仏教．イスラム教ともう1つは何か,キリスト教
地理,ァジア州,東アジア，南アジアなどの気候に影響をおよぼす，夏と冬で向きが変わる風を何というか。,季節風（モンスーン）
地理,ァジア州,アジア州の人口が世界の人口にしめる割合は，およそ何割か。,約6割
地理,ァジア州,中国の人口の9割以上をしめる民族を何というか。,漢族（漢民族）
地理,ァジア州,中国のように， 漢族（漢民族）のほか多くの民族からなっている国を何というか。,多民族国家
地理,ァジア州,タイの多くの人が信仰する宗教は何か,仏教
地理,ァジア州,東南アジアの国々が，政治・経済などの発展をめざして結成した国際組織を何というか。,東南アジア諸国連合(ASEAN）
地理,ァジア州,西アジアの国々の多くの人が信仰する宗教は何か。,イスラム教
地理,ァジア州,インドで近年急速に成長している情報通信技術産業のことを，アルファペットを用いて何というか。,ICT 産業
地理,ョーロッバ州,ヨーロッパ西部の気候に影響をおよぼす，つねに西からふく風を何というか。,偏西風
地理,ョーロッバ州,ヨーロッパの民族を3つに分けると，ゲルマン系，スラプ系ともう１つは何か。,ラテン系
地理,ョーロッバ州,ヨーロッパの多くの人が信仰する宗教を何というか。,キリスト教
地理,ョーロッバ州,ヨーロッパで広く行われている，穀物栽培と家畜の飼育を組み合わせた農業を何というか。,混合農業
地理,ョーロッバ州,EUを日本語で何というか。,ヨーロッバ連合（欧州連合）
地理,ョーロッバ州,ヨーロッパのアルプス山脈より南の地域で多く行われている，夏にぶどう，オリープなど，冬に小麦を栽培する農業を何というか。,地中海式農業
地理,アフリカ州,かつてアフリカから多くの人々が奴隷として連れて来られた大陸はどことどこか。,北アメリカ大陸、南アメリカ大陸
地理,アフリカ州,アフリカの大部分はかつて他国に支配された。このような地域を何というか,植民地
地理,アフリカ州,砂漠化が進む，サハラ砂漠の南倒の地域を何というか。,サヘル
地理,アフリカ州,アフリカで産出する，電子機器に不可欠な希少金属を何というか。,レアメタル
地理,アフリカ州,アフリカで見られる，かつてヨーロッパ人が開発した大農園を何というか。,プランテーション
地理,アフリカ州,特定の農産物や鉱産資源の輸出にたよる，不安定な経済を何というか。,モノカルチャー経済
地理,北アメリカ州,アメリカ合衆国のほぼ西経100度線を境にして降水量が少ないのは．西側と東測のどちらか。,西側
地理,北アメリカ州,アメリカ合衆国の人口の最も多くをしめる民族は，ヨーロッパ系とアフリカ系のどちらか。,ヨーロッパ系
地理,北アメリカ州,近年，アメリカ合衆国で増加している．スペイン語を話すメキシコや西インド諸島などからの移民を何というか。,ヒスパニック
地理,北アメリカ州,アメリカで生まれた．ハンバーガーのように手軽にできる食事を何というか,ファーストフード
地理,北アメリカ州,アメリカで行われている，各地域の自然環境に適した少ない種類の作物を栽培することを何というか。,適地適作
地理,北アメリカ州,作物の運搬や販売のほか．農業に関連するさまざまな事業に関わり影響力をもつ企業のうち．特に穀物に関わる大企業を何というか。,穀物メジャー
地理,北アメリカ州,アメリカ合衆国のほぼ北緯37度以南に発達した工業地域を何というか,サンベルト
地理,北アメリカ州,"サンフランシスコ近郊にある, I CT(情報通信技術）産業の企業や研究所が集まっている地域を何というか。",シリコンバレー
地理,南アメリカ州,かつてアンデス地方に栄えていたインカ帝国をほろぼしたのは，どの国の人々か。,スペイン
地理,南アメリカ州,ブラジルの公用語は何語か。,ポルトガル語
地理,南アメリカ州,ブラジル以外の南アメリカの大部分の国の公用語は何語か。,スペイン語
地理,南アメリカ州,アマゾン川流域で伝統的に行われてきた．森林を焼いた灰を肥料として作物を栽培する農業を何というか,焼畑農業
地理,南アメリカ州,ブラジルでさかんなさとうきびなどを発酵させてつくるアルコール燃料を何というか。,バイオエタノール/バイオ燃料
地理,ォセアニア州,オセアニアの島々は，メラネシア， ミクロネシアともう1つ何という地域に分けられるか。,ポリネシア
地理,ォセアニア州,オーストラリアの先住民を何というか。,アボリジニ
地理,ォセアニア州,ニュージーランドの先住民を何というか。,マオリ
地理,ォセアニア州,オーストラリアとニュージーランドをかつて植民地としていた国はどこか。,イギリス
地理,ォセアニア州,オーストラリアの東部で多く産出する鉱産資源は何か。,石炭
地理,ォセアニア州,オーストラリアでかつて行われていた， ヨーロッパ系以外の移民を制限する政策を何というか。,白豪主義
地理,ォセアニア州,白豪主義の政策を転換したオーストラリアがめざしている，さまざまな文化を尊重する社会を何というか。,多文化社会
地理,世界地理,三大洋のうち．アジア，アフリカ，オーストラリア，南極大陸に囲まれている海洋を何というか。,インド洋
地理,世界地理,六大陸の中で面積が最も小さい大陸はどこか,オーストラリア大陸
地理,世界地理,綽度は赤道を中心として．南北に何度ずつに分けられているか。,９０度
地理,世界地理,経度はイギリスのロンドンを通る本初子午線を中心として．東西に何度ずつに分けられているか,１８０度
地理,世界地理,地球儀は．形．面積．方位．距維のほか．何をほほ正確に表しているか。,角度
地理,世界地理,世界を6つの州に分けたとき． 日本や韓国は何州に属しているか。,アジア州
地理,世界地理,イタリアの首都ローマ市内にある．世界で面積が最も小さい国はどこか。,バチカン市国
地理,世界地理,南アジアに位置する約14憶人の人口をもつ国はどこか。,インド
地理,世界地理,日本・フィリピンなどのように海に囲まれている国を何というか。,島国（海洋国）
地理,世界地理,ユーラシア大陸の南部を東西に述なる造山帯を何というか。,アルプス＝ヒマラヤ造山帯
地理,世界地理,南アメリカ大陸を流れる世界で最も流域面積が大きい河川を何というか,アマゾン川
地理,世界地理,領海の外側に広がる．沿岸から200海里以内の水域を何というか,排他的経済水域
地理,世界地理,日本の様準時子午線である東経135度の経線が通る．兵庫県の都市はどこか,明石市
地理,世界地理,中部地方をさらに3つに区分した場合．北陸．中央高地ともう1つはどこか,東海
地理,世界地理,熱幣は熱幣雨林気候と何気候に分けられるか。,サバナ気候
地理,世界地理,日本は温滞のうち，何という気候に属しているか。,温暖湿潤気候
地理,世界地理,乾燥僻に見られる気候のうち．比較的降水量が多い気候を何というか。,ステップ気候
地理,世界地理,束・東南・南アジアの人々の多くが主食としている穀物は何か。,米
地理,世界地理,シャカが開いた世界三大宗教の1つは何か。,仏教
地理,世界地理,ヒンドゥー教の人々にとって神聖な動物は何か。,牛
地理,世界地理,"東南アジアなどで行われている, １種類の作物を大量に栽培する大規模な農園を何というか",プランテーション
地理,世界地理,中国で人口を抑制するためにとられていた政策を何というか,一人っ子政策
地理,世界地理,ペルシャ湾沿岸に位置し．石池の輸出量が世界一の国はどこか。,サウジアラビア
地理,世界地理,西アジアの産油国を中心に結成した石油輸出国機構の略称を何というか。,OPEC
地理,世界地理,ヨーロッバの気候に大きな影響を与える．一年を通して同じ方向から吹く風を何というか。,偏西風
地理,世界地理,地中海性気候の特色を利用して行う農業を何というか。,地中海式農業
地理,世界地理,EUで導入された共通通貨を何というか。,ユーロ
地理,世界地理,多くの観光客が訪れるフランスの首都はどこか。,パリ
地理,世界地理,ルール炭田とライン川の水運を背景に発遠した工業地域はどこか。,ルール工業地域
地理,世界地理,特定の一次産品の生産・輸出に頻っている経済状態を何というか。,モノカルチャー経済
地理,世界地理,南アフリカ共和国でかつてとられていた人種隔離政策を何というか。,アパルトヘイト
地理,世界地理,アパラチア山脈の西に広がる平原を南流する北アメリカ最長の河川を何というか,ミシシッピ川
地理,世界地理,アメリカ合衆国の先住民はイヌイットと何と呼ばれる人々か,ネイテイプアメリカン
地理,世界地理,アメリカ合衆国は．小麦・とうもろこしなどの世界一の輸出国であることから．世界の□とよばれている。□にあてはまる語句を書け,食料庫
地理,世界地理,アメリカ南部の北緯37 度以南に発達した工業地域を何というか,サンベルト
地理,世界地理,カナダの公用語はフランス語と何か。,英語
地理,世界地理,南アメリカに多い，インデイオとヨーロッパ系の混血を何というか。,メスチソ（メスチーソ）
地理,世界地理,アマゾン川流域で伝統的に行われている農業を何というか。,焼畑農業
地理,世界地理,サモア・トンガやハワイ諸島が含まれるオセアニアの島々を何というか,ポリネシア
地理,世界地理,ニュージーランドの先住民族を何というか。,マオリ
地理,自然環境・人口から見た日本,日本の中央に位置する，飛騨山脈・木曽山脈・赤石山脈をまとめて何とよんでいるか。,日本アルプス
地理,自然環境・人口から見た日本,太平洋側を北上する暖流をなんというか。,黒潮（日本海流）
地理,自然環境・人口から見た日本,北海道はなんという気候帯に属するか。,冷帯（亜寒帯）
地理,自然環境・人口から見た日本,現在の日本のように、年少人口が減少し、高齢者が増加した社会をなんというか。,少子高齢社会
地理,自然環境・人口から見た日本,人口の減少などにより，社会生活が維持できなくなるような現象を何というか,過疎（化）
地理,自然環境・人口から見た日本,都心部の人口が減り，郊外の人口が増加している現象を何というか。,ドーナツ化現象
地理,自然環境・人口から見た日本,災害の予測や対策を書き込んだ地図のことを何というか。,ハザードマップ
地理,自然環境・人口から見た日本,夏に気温が上がらず，農作物の育ちが悪くなる災害を何というか。,冷害
地理,資源・エネルギーと産業から見た日本,日本の電力の中心となっている発電方法は何か。,火力発電
地理,資源・エネルギーと産業から見た日本,高知平野などで盛んな， ビニールハウスなどを利用し，出荷時期を早める栽培方法を何というか。,促成栽培
地理,資源・エネルギーと産業から見た日本,育てる漁業には養殖漁業のほかに何があるか。,栽培漁業
地理,資源・エネルギーと産業から見た日本,関東から九州北部にかけて帯状に連なる，工業の盛んな地域を何というか。,太平洋ベルト
地理,資源・エネルギーと産業から見た日本,鉱工業，建設業は第何次産業にふくまれるか。,第二次産業
地理,資源・エネルギーと産業から見た日本,その国で消費する食料をその国で生産している割合のことを何というか。,食料自給率
地理,地域間の結びつきから見た日本,貿易額が日本最大の貿易港はどこか。,成田国際空港
地理,地域間の結びつきから見た日本,2016年に新青森，新函館北斗間が開通した新幹線を何というか。,北海道新幹線
地理,地域間の結びつきから見た日本,1988年に開通した，最初の本州四国連絡橋を何というか。,瀬戸大橋
地理,地域間の結びつきから見た日本,かって日本の貿易の中心であった，原料を輸入し製品を輸出する貿易を何というか。,加工貿易
地理,自然環境・人口から見た日本,日本列島を東日本と西日本に分ける，本外1の中央を南北に横切る地溝帯を何というか。,フォッサマグナ
地理,自然環境・人口から見た日本,太平洋側を南下する寒流を何というか。,親潮（千島海流）
地理,自然環境・人口から見た日本,北海道では見られない， 6月から7月にかけて続く長雨を何というか。,梅雨
地理,自然環境・人口から見た日本,年少人口が少なく，老年人口が多い人ロピラミッドの型を何というか。,つぼ型
地理,自然環境・人口から見た日本,三大都市圏などに見られる，人口が過度に集中した状況を何というか。,過密（化）
地理,自然環境・人口から見た日本,1960年代から1970年代にかけて，郊外の多摩や千里などにつくられた地域を何というか。,ニュータウン
地理,自然環境・人口から見た日本,2011年3月11日に発生した地震による災害を何というか。,東日本大震災
地理,自然環境・人口から見た日本,地震の震源が海底のとき，沿岸部が襲われることがある災害を何というか。,津波
地理,資源・エネルギーと産業から見た日本,石油・石炭，天然ガスなと，燃やすと二酸化炭素を発生する燃料を何というか。,化石燃料
地理,資源・エネルギーと産業から見た日本,高知平野などで盛んなビニールハウスなどの施設を利用して行う農業の方法を何というか。,施設園芸農業
地理,資源・エネルギーと産業から見た日本,2021年現在漁獲量が最も多い，日本の排他的経済水域内で行う漁業を何というか。,沖合漁業
地理,資源・エネルギーと産業から見た日本,太平洋ベルトにふくまれる，東京都・川崎市・横浜市を中心とするエ業地帯を何というか。,京浜工業地帯
地理,資源・エネルギーと産業から見た日本,商業・運輸，金融業などは第何次産業にふくまれるか。,第三次産業
地理,資源・エネルギーと産業から見た日本,主な農産物で， 日本で最も自給率が高いものは何か。,米
地理,地域間の結びつきから見た日本,輸出超過が原因でおこる，貿易をめぐる国と国の対立を何というか。,貿易摩擦
地理,地域間の結びつきから見た日本,1964年， 日本で最初に開通した新幹線を何というか。,東海道新幹線
地理,地域間の結びつきから見た日本,本州四国連絡橋のうち， 1999年に開通した尾道・今治ルートを何というか。,しまなみ海道
地理,地域間の結びつきから見た日本,2021年現在，日本の最大の貿易相手国はどこか。,中国/中華人民共和国
